joint,time,speed_deg_per_s,speed_rad_per_s
Body,0.0333333,2297.837677,40.10483313
Body,0.0666667,194.6042015,3.396484054
Body,0.1,88.45814471,1.543885875
Body,0.133333,35.49606632,0.6195232288
Body,0.166667,11.89968967,0.2076887646
Body,0.2,6.911105226,0.1206215412
Body,0.233333,6.681364454,0.1166118082
Body,0.266667,6.8194468,0.1190217998
Body,0.3,4.642093522,0.08101981615
Body,0.333333,3.819567513,0.0666640291
Body,0.366667,3.3976985,0.05930102582
Body,0.4,3.555420824,0.06205379967
Body,0.433333,3.386169608,0.05909980869
Body,0.466667,2.86587968,0.05001903638
Body,0.5,4.279848442,0.0746974468
Body,0.533333,2.899831405,0.05061160576
Body,0.566667,2.762879213,0.04822133911
Body,0.6,4.068516528,0.07100900909
Body,0.633333,4.521431839,0.0789138725
Body,0.666667,4.431542207,0.07734500245
Body,0.7,2.79825606,0.04883878156
Body,0.733333,0,0
Body,0.766667,1.415827973,0.02471085976
Body,0.8,2.451635986,0.04278912001
Body,0.833333,2.295763201,0.04006862671
Body,0.866667,1.891094659,0.03300582827
Body,0.9,0,0
Body,0.933333,1.018384729,0.01777416658
Body,0.966667,1.821122588,0.03178458524
Body,1,2.129563394,0.03716789286
Body,1.03333,2.709256506,0.04728544631
Body,1.06667,2.096150033,0.0365847197
Body,1.1,1.04335566,0.01820999153
Body,1.13333,0.7318049544,0.01277240594
Body,1.16667,1.397670729,0.02439395607
Body,1.2,2.827419979,0.04934778797
Body,1.23333,4.068530383,0.0710092509
Body,1.26667,4.594302632,0.08018570777
Body,1.3,4.057525249,0.07081717508
Body,1.33333,3.31932639,0.05793317445
Body,1.36667,2.342697904,0.04088779181
Body,1.4,2.840897768,0.04958301976
Body,1.43333,2.541404509,0.04435587631
Body,1.46667,1.079900939,0.01884782699
Body,1.5,1.266128641,0.02209811354
Body,1.53333,1.940193612,0.03386276666
Body,1.56667,2.106924621,0.03677277173
Body,1.6,0,0
Body,1.63333,4.452596205,0.07771246404
Body,1.66667,3.842157316,0.06705829555
Body,1.7,4.422085641,0.07717995424
Body,1.73333,9.144246427,0.1595972078
Body,1.76667,12.70588429,0.2217595153
Body,1.8,12.78500987,0.2231405171
Body,1.83333,8.648044987,0.1509368589
Body,1.86667,7.506662253,0.1310159722
Body,1.9,12.2636504,0.2140410777
Body,1.93333,10.98031674,0.19164268
Body,1.96667,24.44484133,0.4266429663
Body,2,40.3415072,0.7040921259
Body,2.03333,45.01714306,0.7856973663
Body,2.06667,40.58079986,0.7082685706
Body,2.1,33.57567591,0.5860060933
Body,2.13333,33.78883332,0.5897263918
Body,2.16667,36.02236058,0.6287087964
Body,2.2,39.69686098,0.6928409268
Body,2.23333,34.33841981,0.5993184856
Body,2.26667,26.48351962,0.4622246149
Body,2.3,23.75010342,0.4145175024
Body,2.33333,15.66972578,0.2734883077
Body,2.36667,11.67954417,0.2038465009
Body,2.4,18.96430862,0.3309896258
Body,2.43333,29.58705711,0.5163915625
Body,2.46667,43.61572539,0.7612380136
Body,2.5,58.69642278,1.024445837
Body,2.53333,91.50140436,1.597000776
Body,2.56667,67.2180658,1.173176565
Body,2.6,36.66362365,0.6399009484
Body,2.63333,27.46843402,0.479414614
Body,2.66667,71.8675799,1.254325895
Body,2.7,111.4113968,1.944495698
Body,2.73333,114.7850341,2.003376776
Body,2.76667,116.9419336,2.041021774
Body,2.8,106.5822083,1.86021046
Body,2.83333,97.22451735,1.696887941
Body,2.86667,86.38368109,1.507679655
Body,2.9,68.71628995,1.199325509
Body,2.93333,51.0449503,0.8909024492
Body,2.96667,32.1222565,0.5606391391
Body,3,19.8765203,0.3469107231
Body,3.03333,32.98411434,0.5756813961
Body,3.06667,54.18439933,0.9456961714
Body,3.1,66.54516899,1.1614323
Body,3.13333,104.1896706,1.818452798
Body,3.16667,137.6758154,2.40289628
Body,3.2,94.99223448,1.657927256
Body,3.23333,17.69762617,0.3088818464
Body,3.26667,97.60014675,1.703443911
Body,3.3,132.4535123,2.311749896
Body,3.33333,127.5839058,2.226759229
Body,3.36667,121.9365835,2.128194861
Body,3.4,115.6841857,2.019069932
Body,3.43333,96.7700033,1.688955175
Body,3.46667,74.85158558,1.306406619
Body,3.5,49.99166781,0.8725192018
Body,3.53333,26.89347106,0.4693796173
Body,3.56667,15.01143449,0.2619989572
Body,3.6,37.91098237,0.661671465
Body,3.63333,70.66340437,1.233309067
Body,3.66667,92.15116159,1.608341179
Body,3.7,148.3046849,2.588405048
Body,3.73333,116.7944313,2.038447375
Body,3.76667,56.2850395,0.982359259
Body,3.8,72.87985826,1.271993485
Body,3.83333,126.2621739,2.203690655
Body,3.86667,126.959877,2.215867871
Body,3.9,114.7348971,2.002501721
Body,3.93333,106.8468789,1.864829832
Body,3.96667,92.73628055,1.618553432
Body,4,77.71755987,1.356427306
Body,4.03333,65.65139622,1.145833022
Body,4.06667,38.80470248,0.6772698235
Body,4.1,20.3964278,0.3559848207
Body,4.13333,35.42514317,0.6182853862
Body,4.16667,62.89734121,1.097765695
Body,4.2,74.4858625,1.300023547
Body,4.23333,154.3307871,2.693580372
Body,4.26667,158.9026574,2.773374562
Body,4.3,70.58907458,1.232011767
Body,4.33333,71.07854863,1.240554701
Body,4.36667,133.0403478,2.321992108
Body,4.4,135.6688476,2.367868082
Body,4.43333,124.7021474,2.176463056
Body,4.46667,114.9668483,2.006550034
Body,4.5,103.4644532,1.805795367
Body,4.53333,87.10980979,1.520352992
Body,4.56667,63.13976816,1.101996843
Body,4.6,22.72026455,0.3965434233
Body,4.63333,6.666131708,0.1163459467
Body,4.66667,32.91642905,0.574500065
Body,4.7,61.6579957,1.076135035
Body,4.73333,79.5898026,1.389104106
Body,4.76667,144.0072294,2.5134003
Body,4.8,141.1809818,2.464072974
Body,4.83333,51.82083147,0.9044441302
Body,4.86667,65.3575778,1.140704924
Body,4.9,124.9825593,2.181357167
Body,4.93333,114.8235964,2.004049816
Body,4.96667,98.54375254,1.719912939
Body,5,90.84139157,1.58548138
Body,5.03333,86.209554,1.504640564
Body,5.06667,76.94101372,1.342874019
Body,5.1,60.65806322,1.058682921
Body,5.13333,35.50059444,0.6196022594
Body,5.16667,17.81337913,0.3109021168
Body,5.2,39.26508164,0.6853049557
Body,5.23333,49.95014238,0.8717944464
Body,5.26667,55.48559501,0.9684063203
Body,5.3,107.5796441,1.877618998
Body,5.33333,152.5393746,2.662314326
Body,5.36667,114.5922604,2.000012242
Body,5.4,13.36184816,0.2332082445
Head,0.0333333,75.75374054,1.322152193
Head,0.0666667,31.52692766,0.5502486908
Head,0.1,13.89497077,0.2425129895
Head,0.133333,9.815438351,0.1713117167
Head,0.166667,7.128447263,0.1244148753
Head,0.2,7.510819405,0.1310885281
Head,0.233333,3.88220464,0.0677572532
Head,0.266667,1.947263617,0.03398616153
Head,0.3,3.327638745,0.05807825241
Head,0.333333,2.9928589,0.05223524185
Head,0.366667,3.283296839,0.05730434016
Head,0.4,2.880896446,0.05028112839
Head,0.433333,2.890060785,0.05044107628
Head,0.466667,5.389784805,0.09406949081
Head,0.5,7.178182432,0.1252829177
Head,0.533333,7.39919822,0.129140371
Head,0.566667,5.804259412,0.1013034374
Head,0.6,4.90052992,0.08553038219
Head,0.633333,3.315816167,0.05787190951
Head,0.666667,1.963949846,0.03427739116
Head,0.7,0.07669355942,0.001338555127
Head,0.733333,0,0
Head,0.766667,1.181829916,0.02062682323
Head,0.8,0,0
Head,0.833333,1.708336262,0.02981609251
Head,0.866667,2.332236704,0.04070520943
Head,0.9,1.293431299,0.02257463482
Head,0.933333,1.950688569,0.03404593821
Head,0.966667,1.848605534,0.03226425314
Head,1,0,0
Head,1.03333,0,0
Head,1.06667,1.842632265,0.03215999992
Head,1.1,1.689496626,0.02948727883
Head,1.13333,1.807478941,0.03154645868
Head,1.16667,1.394151636,0.02433253632
Head,1.2,2.383861996,0.04160624074
Head,1.23333,1.252604039,0.0218620647
Head,1.26667,0,0
Head,1.3,1.45018408,0.02531048695
Head,1.33333,1.688267675,0.02946582959
Head,1.36667,1.13608814,0.01982847863
Head,1.4,3.326964475,0.05806648418
Head,1.43333,1.350132498,0.02356425744
Head,1.46667,6.300861562,0.10997078
Head,1.5,0.5400172203,0.009425078511
Head,1.53333,1.010825147,0.01764222697
Head,1.56667,1.897968733,0.03312580348
Head,1.6,1.572222598,0.02744046092
Head,1.63333,2.062874848,0.03600395816
Head,1.66667,0.8968919746,0.01565371799
Head,1.7,1.488597327,0.02598092458
Head,1.73333,3.192320527,0.05571650398
Head,1.76667,6.203205405,0.1082663585
Head,1.8,7.769576963,0.1356046995
Head,1.83333,8.544253234,0.1491253511
Head,1.86667,8.789279571,0.1534018674
Head,1.9,9.180773761,0.16023473
Head,1.93333,7.423967168,0.1295726706
Head,1.96667,10.55751647,0.1842634232
Head,2,6.766129655,0.1180912401
Head,2.03333,10.15277433,0.1771993402
Head,2.06667,14.02759413,0.2448277036
Head,2.1,16.6877583,0.291256327
Head,2.13333,17.73248202,0.3094901959
Head,2.16667,13.27277276,0.2316535855
Head,2.2,29.20682135,0.5097551966
Head,2.23333,21.25780793,0.3710187401
Head,2.26667,7.287908893,0.1271980058
Head,2.3,8.708993768,0.1520006158
Head,2.33333,5.403448709,0.09430797094
Head,2.36667,5.933708424,0.1035627489
Head,2.4,6.646745368,0.1160075912
Head,2.43333,9.224375568,0.1609957251
Head,2.46667,11.867086,0.2071197234
Head,2.5,12.95567495,0.2261191847
Head,2.53333,14.61224771,0.2550318336
Head,2.56667,10.6511807,0.1858981724
Head,2.6,11.44876649,0.1998186705
Head,2.63333,30.84924428,0.5384208844
Head,2.66667,42.69857723,0.7452307585
Head,2.7,51.93902699,0.9065070312
Head,2.73333,58.52200779,1.021401721
Head,2.76667,52.52492289,0.9167328439
Head,2.8,44.05899832,0.7689745858
Head,2.83333,39.16592625,0.6835743676
Head,2.86667,32.23682687,0.5626387694
Head,2.9,27.63250214,0.482278143
Head,2.93333,23.88924793,0.4169460321
Head,2.96667,19.92018674,0.3476728463
Head,3,20.38750232,0.3558290418
Head,3.03333,14.48275468,0.252771754
Head,3.06667,4.612949772,0.08051116175
Head,3.1,5.328483852,0.09299958735
Head,3.13333,9.791709841,0.1708975761
Head,3.16667,11.05571808,0.1929586816
Head,3.2,9.267016547,0.1617399506
Head,3.23333,24.3630513,0.4252154609
Head,3.26667,41.27046455,0.7203054903
Head,3.3,50.05523096,0.873628588
Head,3.33333,51.14328394,0.8926186951
Head,3.36667,57.89608602,1.010477325
Head,3.4,56.52582276,0.9865617195
Head,3.43333,48.39285298,0.844614619
Head,3.46667,38.1569202,0.6659638899
Head,3.5,27.37490583,0.4777822391
Head,3.53333,21.1259187,0.3687168388
Head,3.56667,11.93838188,0.2083640711
Head,3.6,11.56417912,0.2018330009
Head,3.63333,26.46917229,0.4619742067
Head,3.66667,21.56544029,0.3763879377
Head,3.7,9.525095633,0.1662442804
Head,3.73333,19.81543588,0.3458445987
Head,3.76667,19.28068868,0.3365114994
Head,3.8,21.18377523,0.3697266258
Head,3.83333,41.55452432,0.7252632685
Head,3.86667,36.42926652,0.6358106448
Head,3.9,39.41173247,0.6878644954
Head,3.93333,42.14843272,0.7356289255
Head,3.96667,35.50691187,0.6197125194
Head,4,35.08625314,0.6123706395
Head,4.03333,34.34246318,0.5993890557
Head,4.06667,29.79516301,0.5200236956
Head,4.1,25.42936605,0.4438261642
Head,4.13333,21.19673323,0.3699527856
Head,4.16667,8.130484638,0.1419037267
Head,4.2,4.413306864,0.07702673568
Head,4.23333,7.155584971,0.1248885176
Head,4.26667,6.058816821,0.1057463023
Head,4.3,6.559076449,0.1144774799
Head,4.33333,20.5970013,0.3594854886
Head,4.36667,32.84708885,0.5732898501
Head,4.4,33.14372077,0.5784670538
Head,4.43333,34.20173887,0.5969329533
Head,4.46667,37.46373,0.6538654385
Head,4.5,34.83449261,0.6079765893
Head,4.53333,31.36738047,0.5474640669
Head,4.56667,28.88221571,0.5040897594
Head,4.6,27.71054653,0.4836402744
Head,4.63333,23.7216708,0.4140212595
Head,4.66667,15.08484497,0.2632802119
Head,4.7,8.034461942,0.1402278145
Head,4.73333,4.198233653,0.07327300002
Head,4.76667,4.268831146,0.07450515871
Head,4.8,14.12795415,0.2465793166
Head,4.83333,12.58902976,0.219720019
Head,4.86667,25.93164485,0.4525925831
Head,4.9,46.12991758,0.8051189454
Head,4.93333,42.20810949,0.7366704816
Head,4.96667,44.03475026,0.7685513774
Head,5,50.74566496,0.8856789347
Head,5.03333,43.55195727,0.76012505
Head,5.06667,41.95227045,0.7322052481
Head,5.1,36.803931,0.6423497737
Head,5.13333,29.16320991,0.5089940334
Head,5.16667,22.82052013,0.3982932133
Head,5.2,11.9125556,0.2079133175
Head,5.23333,3.42171207,0.05972014167
Head,5.26667,8.23521563,0.1437316274
Head,5.3,7.644999328,0.1334304096
Head,5.33333,4.530009757,0.07906358541
Head,5.36667,11.68975401,0.2040246962
Head,5.4,6.4490918,0.1125578857
LeftArm1,0.0333333,3578.564461,62.45773235
LeftArm1,0.0666667,244.2973208,4.263792603
LeftArm1,0.1,109.9840947,1.919584577
LeftArm1,0.133333,41.59919187,0.7260428642
LeftArm1,0.166667,31.43443591,0.5486344051
LeftArm1,0.2,38.37955842,0.6698496599
LeftArm1,0.233333,40.02119066,0.6985015476
LeftArm1,0.266667,16.71919182,0.2918049455
LeftArm1,0.3,11.65855917,0.2034802435
LeftArm1,0.333333,24.57126719,0.4288495139
LeftArm1,0.366667,26.49237334,0.4623791415
LeftArm1,0.4,23.60521145,0.4119886605
LeftArm1,0.433333,22.55070333,0.3935840217
LeftArm1,0.466667,27.81502655,0.4854637949
LeftArm1,0.5,24.95164528,0.435488364
LeftArm1,0.533333,17.80379689,0.3107348751
LeftArm1,0.566667,14.33866458,0.2502569072
LeftArm1,0.6,13.85075408,0.2417412626
LeftArm1,0.633333,14.11984546,0.2464377932
LeftArm1,0.666667,10.28795228,0.1795586405
LeftArm1,0.7,5.070790889,0.08850199669
LeftArm1,0.733333,4.670096081,0.08150855299
LeftArm1,0.766667,10.40420312,0.1815876004
LeftArm1,0.8,13.35125237,0.233023313
LeftArm1,0.833333,14.72331409,0.2569703076
LeftArm1,0.866667,16.19069492,0.2825809345
LeftArm1,0.9,13.73279995,0.2396825746
LeftArm1,0.933333,10.64989577,0.1858757461
LeftArm1,0.966667,7.482705867,0.1305978543
LeftArm1,1,7.977503562,0.1392337032
LeftArm1,1.03333,8.397007983,0.1465554366
LeftArm1,1.06667,7.734819378,0.1349980652
LeftArm1,1.1,6.103973226,0.1065344303
LeftArm1,1.13333,3.128289549,0.05459895259
LeftArm1,1.16667,2.46198221,0.04296969569
LeftArm1,1.2,3.132698513,0.05467590352
LeftArm1,1.23333,4.686701765,0.08179837686
LeftArm1,1.26667,5.573506156,0.09727603331
LeftArm1,1.3,5.879866759,0.1026230345
LeftArm1,1.33333,6.735222485,0.1175518082
LeftArm1,1.36667,7.369660192,0.1286248351
LeftArm1,1.4,6.576527203,0.114782053
LeftArm1,1.43333,8.157951404,0.1423831122
LeftArm1,1.46667,6.052538119,0.1056367183
LeftArm1,1.5,6.040051771,0.1054187904
LeftArm1,1.53333,7.46968714,0.1303706347
LeftArm1,1.56667,6.895300849,0.1203457027
LeftArm1,1.6,7.133233843,0.1244984169
LeftArm1,1.63333,8.166695832,0.1425357313
LeftArm1,1.66667,5.760354957,0.1005371601
LeftArm1,1.7,5.318567805,0.09282651969
LeftArm1,1.73333,8.950091944,0.1562085728
LeftArm1,1.76667,12.56621963,0.2193219071
LeftArm1,1.8,13.24983608,0.2312532649
LeftArm1,1.83333,11.90489054,0.2077795369
LeftArm1,1.86667,17.34736467,0.30276863
LeftArm1,1.9,14.74335151,0.2573200267
LeftArm1,1.93333,13.34527831,0.2329190461
LeftArm1,1.96667,23.25880602,0.4059427452
LeftArm1,2,33.06466118,0.5770872036
LeftArm1,2.03333,44.04509726,0.7687319665
LeftArm1,2.06667,50.01780685,0.8729754141
LeftArm1,2.1,49.89744243,0.8708746588
LeftArm1,2.13333,48.85114848,0.8526133844
LeftArm1,2.16667,53.89639946,0.9406696256
LeftArm1,2.2,53.32879239,0.9307630134
LeftArm1,2.23333,52.40392054,0.9146209543
LeftArm1,2.26667,52.04396565,0.9083385564
LeftArm1,2.3,49.59177682,0.8655397875
LeftArm1,2.33333,51.88223709,0.9055158605
LeftArm1,2.36667,70.79756873,1.235650677
LeftArm1,2.4,58.28744457,1.01730782
LeftArm1,2.43333,35.58612101,0.6210949797
LeftArm1,2.46667,18.21335772,0.31788306
LeftArm1,2.5,26.00893009,0.453941465
LeftArm1,2.53333,40.67890655,0.7099808554
LeftArm1,2.56667,73.93362502,1.290385185
LeftArm1,2.6,84.21628973,1.46985154
LeftArm1,2.63333,74.80618865,1.305614293
LeftArm1,2.66667,78.18555812,1.364595417
LeftArm1,2.7,79.9264294,1.394979352
LeftArm1,2.73333,78.20291919,1.364898425
LeftArm1,2.76667,80.87269407,1.411494787
LeftArm1,2.8,92.22420846,1.609616088
LeftArm1,2.83333,112.0306176,1.95530314
LeftArm1,2.86667,130.8851415,2.284376661
LeftArm1,2.9,166.97185,2.914208541
LeftArm1,2.93333,193.7890331,3.382256683
LeftArm1,2.96667,156.1498723,2.725329398
LeftArm1,3,99.89904661,1.743567283
LeftArm1,3.03333,50.7737044,0.8861683151
LeftArm1,3.06667,45.96605635,0.8022590275
LeftArm1,3.1,70.0331654,1.222309322
LeftArm1,3.13333,83.39439333,1.455506741
LeftArm1,3.16667,82.12692286,1.433385208
LeftArm1,3.2,91.75246926,1.601382685
LeftArm1,3.23333,132.8437634,2.318561062
LeftArm1,3.26667,147.6311602,2.576649824
LeftArm1,3.3,161.9032482,2.825744751
LeftArm1,3.33333,178.2233486,3.110584236
LeftArm1,3.36667,173.5649074,3.029279101
LeftArm1,3.4,167.6080917,2.925313054
LeftArm1,3.43333,165.1071067,2.88166263
LeftArm1,3.46667,151.3781559,2.642047235
LeftArm1,3.5,134.9419049,2.35518054
LeftArm1,3.53333,124.6947093,2.176333236
LeftArm1,3.56667,104.2785581,1.820004179
LeftArm1,3.6,80.07199051,1.397519873
LeftArm1,3.63333,76.81885911,1.340742019
LeftArm1,3.66667,80.66430554,1.407857721
LeftArm1,3.7,72.70183775,1.268886441
LeftArm1,3.73333,89.77056714,1.566791968
LeftArm1,3.76667,108.6157811,1.895703
LeftArm1,3.8,142.1614582,2.481185516
LeftArm1,3.83333,171.7982759,2.998445563
LeftArm1,3.86667,162.9881395,2.844679677
LeftArm1,3.9,150.4573554,2.625976236
LeftArm1,3.93333,129.6155894,2.262218796
LeftArm1,3.96667,106.8316497,1.864564033
LeftArm1,4,96.36905798,1.681957359
LeftArm1,4.03333,84.48371225,1.474518943
LeftArm1,4.06667,70.29321101,1.226847974
LeftArm1,4.1,59.88545693,1.045198398
LeftArm1,4.13333,56.12030964,0.9794841805
LeftArm1,4.16667,69.58592728,1.214503544
LeftArm1,4.2,72.29801913,1.261838476
LeftArm1,4.23333,33.94730409,0.5924922286
LeftArm1,4.26667,56.67347815,0.9891387923
LeftArm1,4.3,120.5624218,2.104211214
LeftArm1,4.33333,139.6058016,2.436580893
LeftArm1,4.36667,138.5959146,2.41895504
LeftArm1,4.4,148.3966255,2.590009714
LeftArm1,4.43333,175.7156026,3.066815812
LeftArm1,4.46667,183.1516649,3.196599584
LeftArm1,4.5,169.5652116,2.95947124
LeftArm1,4.53333,151.7544606,2.648614992
LeftArm1,4.56667,141.7393539,2.473818406
LeftArm1,4.6,134.695538,2.350880625
LeftArm1,4.63333,116.0718934,2.025836709
LeftArm1,4.66667,85.74189734,1.496478416
LeftArm1,4.7,57.28061797,0.9997353812
LeftArm1,4.73333,56.71745788,0.9899063833
LeftArm1,4.76667,50.58331418,0.8828453789
LeftArm1,4.8,86.17395017,1.50401916
LeftArm1,4.83333,104.0623606,1.81623082
LeftArm1,4.86667,121.2136629,2.115577517
LeftArm1,4.9,173.0589683,3.020448796
LeftArm1,4.93333,210.8870666,3.680673663
LeftArm1,4.96667,202.663048,3.537137459
LeftArm1,5,160.0538342,2.793466386
LeftArm1,5.03333,117.7497132,2.055120188
LeftArm1,5.06667,101.9404887,1.77919717
LeftArm1,5.1,101.0336135,1.763369211
LeftArm1,5.13333,82.25060244,1.435543824
LeftArm1,5.16667,70.06163492,1.222806209
LeftArm1,5.2,76.05433237,1.32739851
LeftArm1,5.23333,83.09641101,1.450305969
LeftArm1,5.26667,72.05486558,1.257594646
LeftArm1,5.3,31.84633188,0.555823346
LeftArm1,5.33333,31.62349108,0.5519340404
LeftArm1,5.36667,91.97549886,1.605275286
LeftArm1,5.4,141.1326924,2.463230165
LeftArm2,0.0333333,699.5202879,12.20893221
LeftArm2,0.0666667,58.09092875,1.013877972
LeftArm2,0.1,25.34309454,0.4423204423
LeftArm2,0.133333,30.04276946,0.5243452435
LeftArm2,0.166667,20.61403623,0.3597828043
LeftArm2,0.2,14.88559237,0.259802598
LeftArm2,0.233333,2.769132715,0.0483304833
LeftArm2,0.266667,4.207717893,0.07343853123
LeftArm2,0.3,0.8199108039,0.0143101431
LeftArm2,0.333333,3.453251164,0.06027060271
LeftArm2,0.366667,5.697951314,0.09944801104
LeftArm2,0.4,3.566697942,0.06225062251
LeftArm2,0.433333,8.152697994,0.1422914229
LeftArm2,0.466667,0.1340694427,0.002339953201
LeftArm2,0.5,5.534827649,0.09660096601
LeftArm2,0.533333,9.421239238,0.1644316443
LeftArm2,0.566667,8.941400523,0.1560568789
LeftArm2,0.6,8.522259467,0.1487414874
LeftArm2,0.633333,12.22646865,0.2133921339
LeftArm2,0.666667,9.551588371,0.1667066659
LeftArm2,0.7,5.62764774,0.09822098221
LeftArm2,0.733333,0.7717818679,0.0134701347
LeftArm2,0.766667,8.779829656,0.1532369353
LeftArm2,0.8,17.83692749,0.3113131131
LeftArm2,0.833333,24.13322366,0.421204212
LeftArm2,0.866667,28.29552776,0.493850123
LeftArm2,0.9,25.61318845,0.4470344703
LeftArm2,0.933333,20.41870113,0.3563735637
LeftArm2,0.966667,12.55096244,0.2190556189
LeftArm2,1,5.32684189,0.09297092971
LeftArm2,1.03333,0.1770616649,0.003090309031
LeftArm2,1.06667,4.270546253,0.07453509298
LeftArm2,1.1,4.400755942,0.07680768077
LeftArm2,1.13333,2.083482891,0.03636363636
LeftArm2,1.16667,1.594795543,0.02783443311
LeftArm2,1.2,1.925330725,0.03360336034
LeftArm2,1.23333,2.513244214,0.04386438644
LeftArm2,1.26667,3.875284427,0.06763647271
LeftArm2,1.3,3.004891167,0.05244524452
LeftArm2,1.33333,4.333713176,0.07563756376
LeftArm2,1.36667,7.496226462,0.1308338332
LeftArm2,1.4,9.171106622,0.1600660066
LeftArm2,1.43333,10.63057607,0.1855385539
LeftArm2,1.46667,10.65660254,0.1859928014
LeftArm2,1.5,7.381580475,0.1288328833
LeftArm2,1.53333,7.601618272,0.1326732673
LeftArm2,1.56667,8.09427479,0.1412717457
LeftArm2,1.6,10.72168547,0.1871287129
LeftArm2,1.63333,10.6580808,0.1860186019
LeftArm2,1.66667,10.63254313,0.1855728854
LeftArm2,1.7,8.548812227,0.1492049205
LeftArm2,1.73333,3.750956823,0.06546654665
LeftArm2,1.76667,8.03928184,0.1403119376
LeftArm2,1.8,20.29332965,0.3541854185
LeftArm2,1.83333,25.04992796,0.4372037204
LeftArm2,1.86667,25.53563251,0.4456808638
LeftArm2,1.9,25.21667536,0.4401140114
LeftArm2,1.93333,19.10546935,0.3334533453
LeftArm2,1.96667,29.23562691,0.5102579484
LeftArm2,2,36.92853092,0.6445244524
LeftArm2,2.03333,46.89555551,0.8184818482
LeftArm2,2.06667,42.44940161,0.7408818236
LeftArm2,2.1,30.0196879,0.5239423942
LeftArm2,2.13333,16.81570103,0.2934893489
LeftArm2,2.16667,0.4107285934,0.007168566287
LeftArm2,2.2,14.40044239,0.2513351335
LeftArm2,2.23333,24.79035213,0.4326732673
LeftArm2,2.26667,28.37636207,0.4952609478
LeftArm2,2.3,31.37773368,0.5476447645
LeftArm2,2.33333,30.54915385,0.5331833183
LeftArm2,2.36667,27.29884396,0.4764547091
LeftArm2,2.4,22.37853158,0.3905790579
LeftArm2,2.43333,17.1715434,0.29969997
LeftArm2,2.46667,18.43123081,0.3216856629
LeftArm2,2.5,23.00770216,0.401560156
LeftArm2,2.53333,14.48295657,0.2527752775
LeftArm2,2.56667,42.66421782,0.7446310738
LeftArm2,2.6,35.03242396,0.6114311431
LeftArm2,2.63333,8.486926596,0.1481248125
LeftArm2,2.66667,10.83017404,0.1890221956
LeftArm2,2.7,15.75848817,0.2750375038
LeftArm2,2.73333,2.912062721,0.05082508251
LeftArm2,2.76667,20.15147902,0.3517096581
LeftArm2,2.8,41.26912028,0.7202820282
LeftArm2,2.83333,51.99940097,0.9075607561
LeftArm2,2.86667,52.70043115,0.9197960408
LeftArm2,2.9,45.61658581,0.796159616
LeftArm2,2.93333,38.2676672,0.6678967897
LeftArm2,2.96667,20.19787932,0.3525194961
LeftArm2,3,12.65389238,0.2208520852
LeftArm2,3.03333,14.94881784,0.2609060906
LeftArm2,3.06667,30.01583938,0.523875225
LeftArm2,3.1,33.32369295,0.5816081608
LeftArm2,3.13333,5.585178147,0.09747974797
LeftArm2,3.16667,33.80863438,0.5900719856
LeftArm2,3.2,87.03698207,1.519081908
LeftArm2,3.23333,156.3884262,2.729492949
LeftArm2,3.26667,155.669574,2.716946611
LeftArm2,3.3,119.3928525,2.08379838
LeftArm2,3.33333,69.6196152,1.215091509
LeftArm2,3.36667,17.41042418,0.3038692262
LeftArm2,3.4,27.02167291,0.4716171617
LeftArm2,3.43333,60.96078407,1.063966397
LeftArm2,3.46667,80.60591609,1.406838632
LeftArm2,3.5,88.91589858,1.551875188
LeftArm2,3.53333,87.0077583,1.518571857
LeftArm2,3.56667,85.07581178,1.484853029
LeftArm2,3.6,71.9729882,1.256165617
LeftArm2,3.63333,63.7439184,1.112541254
LeftArm2,3.66667,60.94937361,1.063767247
LeftArm2,3.7,16.68677263,0.2912391239
LeftArm2,3.73333,12.98394907,0.2266126613
LeftArm2,3.76667,34.44277184,0.601139772
LeftArm2,3.8,84.87270405,1.481308131
LeftArm2,3.83333,81.14753291,1.416291629
LeftArm2,3.86667,37.93482414,0.6620875825
LeftArm2,3.9,9.442715778,0.1648064806
LeftArm2,3.93333,16.26904462,0.2839483948
LeftArm2,3.96667,29.91960172,0.5221955609
LeftArm2,4,28.0840429,0.4901590159
LeftArm2,4.03333,13.54263879,0.2363636364
LeftArm2,4.06667,14.28613723,0.249340132
LeftArm2,4.1,23.63343465,0.4124812481
LeftArm2,4.13333,13.30884863,0.2322832283
LeftArm2,4.16667,31.13975779,0.5434913017
LeftArm2,4.2,66.21074839,1.15559556
LeftArm2,4.23333,6.602852959,0.1152415242
LeftArm2,4.26667,47.85245892,0.8351829634
LeftArm2,4.3,122.6710719,2.141014101
LeftArm2,4.33333,151.4358567,2.643054305
LeftArm2,4.36667,115.344275,2.013137373
LeftArm2,4.4,70.55993297,1.23150315
LeftArm2,4.43333,17.42424306,0.304110411
LeftArm2,4.46667,27.7645655,0.4845830834
LeftArm2,4.5,57.72554084,1.00750075
LeftArm2,4.53333,76.8275721,1.340894089
LeftArm2,4.56667,89.36698039,1.55974805
LeftArm2,4.6,91.33631434,1.594119412
LeftArm2,4.63333,81.65465127,1.425142514
LeftArm2,4.66667,66.43663888,1.159538092
LeftArm2,4.7,63.94848479,1.116111611
LeftArm2,4.73333,70.79716122,1.235643564
LeftArm2,4.76667,18.38311198,0.3208458308
LeftArm2,4.8,26.01946951,0.4541254125
LeftArm2,4.83333,3.309162183,0.05775577558
LeftArm2,4.86667,73.07875609,1.275464907
LeftArm2,4.9,84.6354758,1.477167717
LeftArm2,4.93333,43.63624564,0.7615961596
LeftArm2,4.96667,28.84380214,0.5034193161
LeftArm2,5,24.99663756,0.4362736274
LeftArm2,5.03333,15.24965077,0.2661566157
LeftArm2,5.06667,12.60885226,0.2200659868
LeftArm2,5.1,4.146337239,0.07236723672
LeftArm2,5.13333,16.42203965,0.2866186619
LeftArm2,5.16667,3.626097624,0.06328734253
LeftArm2,5.2,27.43252474,0.4787878788
LeftArm2,5.23333,69.30674895,1.209630963
LeftArm2,5.26667,92.91574418,1.621685663
LeftArm2,5.3,43.59326951,0.7608460846
LeftArm2,5.33333,24.07351024,0.4201620162
LeftArm2,5.36667,81.91887276,1.429754049
LeftArm2,5.4,122.031587,2.129852985
LeftFoot,0.0333333,2167.285192,37.82626244
LeftFoot,0.0666667,139.5341304,2.435329994
LeftFoot,0.1,67.48761453,1.177881078
LeftFoot,0.133333,39.72010359,0.6932465869
LeftFoot,0.166667,24.08071885,0.4202878302
LeftFoot,0.2,10.53843733,0.1839304294
LeftFoot,0.233333,5.853522845,0.1021632465
LeftFoot,0.266667,4.916156788,0.08580312249
LeftFoot,0.3,1.662624906,0.02901827884
LeftFoot,0.333333,4.854774575,0.08473180077
LeftFoot,0.366667,4.88126596,0.08519416267
LeftFoot,0.4,1.641794325,0.02865471661
LeftFoot,0.433333,5.983823543,0.1044374227
LeftFoot,0.466667,5.753333008,0.100414604
LeftFoot,0.5,2.234279558,0.0389955347
LeftFoot,0.533333,4.490845268,0.07838003612
LeftFoot,0.566667,2.455930051,0.04286406559
LeftFoot,0.6,1.388684914,0.02423712402
LeftFoot,0.633333,3.495062699,0.06100035166
LeftFoot,0.666667,3.819621909,0.0666649785
LeftFoot,0.7,2.506946586,0.04375447209
LeftFoot,0.733333,2.268679828,0.03959593267
LeftFoot,0.766667,1.483524408,0.02589238546
LeftFoot,0.8,1.062165913,0.01853829238
LeftFoot,0.833333,1.288904371,0.02249562501
LeftFoot,0.866667,0.5146767737,0.008982804285
LeftFoot,0.9,0,0
LeftFoot,0.933333,0,0
LeftFoot,0.966667,0,0
LeftFoot,1,0.7966515493,0.01390419253
LeftFoot,1.03333,1.931598976,0.03371276195
LeftFoot,1.06667,1.31961935,0.02303170253
LeftFoot,1.1,0,0
LeftFoot,1.13333,0.6238997782,0.01088910533
LeftFoot,1.16667,1.924080389,0.03358153786
LeftFoot,1.2,3.996295401,0.06974851262
LeftFoot,1.23333,5.56206106,0.0970762787
LeftFoot,1.26667,7.973164261,0.1391579681
LeftFoot,1.3,8.525322126,0.1487949409
LeftFoot,1.33333,6.660658273,0.1162504172
LeftFoot,1.36667,4.501422679,0.07856464677
LeftFoot,1.4,5.165083994,0.09014772184
LeftFoot,1.43333,2.050477459,0.03578758289
LeftFoot,1.46667,2.950892975,0.05150279828
LeftFoot,1.5,12.81952847,0.2237429803
LeftFoot,1.53333,18.14548534,0.3166984636
LeftFoot,1.56667,16.66125516,0.2907937601
LeftFoot,1.6,12.55166446,0.2190678715
LeftFoot,1.63333,11.49500503,0.2006256852
LeftFoot,1.66667,12.05368554,0.2103764997
LeftFoot,1.7,10.34287156,0.1805171627
LeftFoot,1.73333,9.163217253,0.1599283111
LeftFoot,1.76667,7.215748187,0.1259385639
LeftFoot,1.8,6.698355036,0.1169083499
LeftFoot,1.83333,14.18804776,0.2476281479
LeftFoot,1.86667,18.63794432,0.3252934943
LeftFoot,1.9,22.90690001,0.3998008266
LeftFoot,1.93333,29.03452037,0.5067479772
LeftFoot,1.96667,30.626209,0.5345281845
LeftFoot,2,31.93371362,0.557348445
LeftFoot,2.03333,26.08968686,0.4553509365
LeftFoot,2.06667,13.46757023,0.2350534427
LeftFoot,2.1,15.19225776,0.2651549187
LeftFoot,2.13333,11.39945739,0.1989580644
LeftFoot,2.16667,20.7976017,0.3629866261
LeftFoot,2.2,20.31324906,0.3545330778
LeftFoot,2.23333,19.21521581,0.3353687823
LeftFoot,2.26667,16.00999448,0.279427117
LeftFoot,2.3,18.86706041,0.3292923243
LeftFoot,2.33333,9.425537131,0.1645066567
LeftFoot,2.36667,15.68782441,0.2738041885
LeftFoot,2.4,43.90792276,0.7663378198
LeftFoot,2.43333,84.12924235,1.468332276
LeftFoot,2.46667,126.9728522,2.216094331
LeftFoot,2.5,173.2504405,3.023790617
LeftFoot,2.53333,228.3276542,3.985069339
LeftFoot,2.56667,301.6527809,5.264834225
LeftFoot,2.6,369.2930119,6.445378962
LeftFoot,2.63333,484.6710211,8.459105107
LeftFoot,2.66667,486.9057523,8.498108525
LeftFoot,2.7,337.2595422,5.886289445
LeftFoot,2.73333,187.9106931,3.279660294
LeftFoot,2.76667,164.3230315,2.867977937
LeftFoot,2.8,136.8548699,2.388568078
LeftFoot,2.83333,146.4553954,2.556128857
LeftFoot,2.86667,167.3041287,2.920007898
LeftFoot,2.9,199.1432503,3.475705401
LeftFoot,2.93333,293.9969364,5.131214531
LeftFoot,2.96667,411.5723175,7.183292051
LeftFoot,3,472.3178317,8.243501279
LeftFoot,3.03333,337.4691958,5.889948591
LeftFoot,3.06667,144.9011204,2.52900164
LeftFoot,3.1,169.2598189,2.954141132
LeftFoot,3.13333,296.9805219,5.183287922
LeftFoot,3.16667,220.5726952,3.849719771
LeftFoot,3.2,89.84957582,1.56817093
LeftFoot,3.23333,67.48734836,1.177876432
LeftFoot,3.26667,70.31401546,1.22721108
LeftFoot,3.3,85.27072233,1.48825486
LeftFoot,3.33333,144.4486497,2.521104538
LeftFoot,3.36667,181.0911834,3.160637397
LeftFoot,3.4,178.8659407,3.121799586
LeftFoot,3.43333,161.6966189,2.82213839
LeftFoot,3.46667,116.1205915,2.026686652
LeftFoot,3.5,76.00624613,1.326559247
LeftFoot,3.53333,45.31832251,0.7909539393
LeftFoot,3.56667,26.79225238,0.467613018
LeftFoot,3.6,85.99591936,1.500911936
LeftFoot,3.63333,167.3457396,2.920734145
LeftFoot,3.66667,245.3095364,4.281459096
LeftFoot,3.7,336.6981766,5.876491768
LeftFoot,3.73333,423.071304,7.383987225
LeftFoot,3.76667,579.6190271,10.11626043
LeftFoot,3.8,452.9626418,7.905689489
LeftFoot,3.83333,265.794183,4.638983625
LeftFoot,3.86667,155.6298513,2.71625332
LeftFoot,3.9,170.8927615,2.982641356
LeftFoot,3.93333,147.4105626,2.572799669
LeftFoot,3.96667,150.1225692,2.620133114
LeftFoot,4,203.1260758,3.54521882
LeftFoot,4.03333,275.282445,4.804585039
LeftFoot,4.06667,421.5829912,7.358011266
LeftFoot,4.1,564.2351836,9.84776171
LeftFoot,4.13333,480.6783958,8.38942065
LeftFoot,4.16667,174.6195677,3.047686394
LeftFoot,4.2,276.7508251,4.830213106
LeftFoot,4.23333,304.0834969,5.307258222
LeftFoot,4.26667,140.3197084,2.449040918
LeftFoot,4.3,77.7601512,1.357170665
LeftFoot,4.33333,68.20104262,1.190332747
LeftFoot,4.36667,71.10967057,1.241097881
LeftFoot,4.4,113.4461179,1.980008282
LeftFoot,4.43333,153.2708285,2.675080605
LeftFoot,4.46667,167.1780269,2.917807006
LeftFoot,4.5,144.3987082,2.520232893
LeftFoot,4.53333,85.2264231,1.487481693
LeftFoot,4.56667,42.51856104,0.7420888833
LeftFoot,4.6,32.42213961,0.5658730868
LeftFoot,4.63333,33.62364251,0.5868432683
LeftFoot,4.66667,78.02082743,1.361720324
LeftFoot,4.7,160.5921748,2.802862202
LeftFoot,4.73333,233.5262844,4.075802552
LeftFoot,4.76667,339.4978091,5.925354572
LeftFoot,4.8,425.5571567,7.42737354
LeftFoot,4.83333,550.0731158,9.600586997
LeftFoot,4.86667,429.5943514,7.497835879
LeftFoot,4.9,259.9321178,4.536671288
LeftFoot,4.93333,166.4106903,2.904414457
LeftFoot,4.96667,163.3454215,2.850915424
LeftFoot,5,132.8553257,2.318762862
LeftFoot,5.03333,136.4736245,2.38191409
LeftFoot,5.06667,190.3860871,3.322864071
LeftFoot,5.1,302.5619122,5.280701559
LeftFoot,5.13333,474.9551476,8.289531124
LeftFoot,5.16667,566.5074125,9.887419585
LeftFoot,5.2,459.6869655,8.023051077
LeftFoot,5.23333,199.0384499,3.473876289
LeftFoot,5.26667,174.6132477,3.047576089
LeftFoot,5.3,316.064667,5.516369088
LeftFoot,5.33333,217.8964026,3.803009654
LeftFoot,5.36667,103.6353228,1.808777605
LeftFoot,5.4,91.77706071,1.601811887
LeftHand,0.0333333,411.5588622,7.183057211
LeftHand,0.0666667,247.9385795,4.327344554
LeftHand,0.1,182.5357655,3.185850111
LeftHand,0.133333,130.0935199,2.270560257
LeftHand,0.166667,92.86166723,1.620741842
LeftHand,0.2,68.1560719,1.18954786
LeftHand,0.233333,41.71533894,0.7280700131
LeftHand,0.266667,28.00198623,0.4887268569
LeftHand,0.3,20.11232617,0.3510263119
LeftHand,0.333333,12.17296811,0.2124583733
LeftHand,0.366667,13.18398377,0.2301039254
LeftHand,0.4,10.02572261,0.1749818694
LeftHand,0.433333,12.20688047,0.2130502555
LeftHand,0.466667,17.88345789,0.3121252218
LeftHand,0.5,20.20216649,0.3525943212
LeftHand,0.533333,17.49705033,0.3053811377
LeftHand,0.566667,16.10852462,0.2811467923
LeftHand,0.6,19.62736325,0.3425621122
LeftHand,0.633333,22.26104594,0.3885285466
LeftHand,0.666667,18.64947031,0.3254946607
LeftHand,0.7,14.41145804,0.2515273928
LeftHand,0.733333,8.886912614,0.1551058855
LeftHand,0.766667,6.213606999,0.1084479006
LeftHand,0.8,1.420340519,0.02478961856
LeftHand,0.833333,8.558987661,0.1493825153
LeftHand,0.866667,13.52112333,0.2359881208
LeftHand,0.9,16.54103233,0.2886954758
LeftHand,0.933333,17.32598771,0.3023955318
LeftHand,0.966667,15.07033221,0.2630269164
LeftHand,1,13.25627409,0.2313656294
LeftHand,1.03333,8.324485864,0.1452896869
LeftHand,1.06667,7.19229458,0.1255292212
LeftHand,1.1,4.548857282,0.07939253677
LeftHand,1.13333,3.826236551,0.06678042577
LeftHand,1.16667,2.688702717,0.04692671502
LeftHand,1.2,2.314534551,0.04039624856
LeftHand,1.23333,2.722188297,0.04751114864
LeftHand,1.26667,2.607167631,0.04550365932
LeftHand,1.3,1.728603499,0.03016982253
LeftHand,1.33333,3.830474815,0.06685439744
LeftHand,1.36667,5.112907838,0.08923707613
LeftHand,1.4,7.992224514,0.1394906323
LeftHand,1.43333,9.024238933,0.1575026819
LeftHand,1.46667,9.781365474,0.1707170329
LeftHand,1.5,9.078929885,0.1584572191
LeftHand,1.53333,8.879259148,0.1549723073
LeftHand,1.56667,9.289733221,0.1621364313
LeftHand,1.6,9.377487792,0.1636680375
LeftHand,1.63333,8.024266721,0.1400498743
LeftHand,1.66667,7.264674639,0.1267924915
LeftHand,1.7,5.723793888,0.09989904905
LeftHand,1.73333,3.986539462,0.06957823938
LeftHand,1.76667,0,0
LeftHand,1.8,7.337563125,0.1280646356
LeftHand,1.83333,13.8157421,0.2411301883
LeftHand,1.86667,16.44566669,0.2870310314
LeftHand,1.9,16.54992502,0.2888506825
LeftHand,1.93333,15.04948443,0.262663054
LeftHand,1.96667,18.60186496,0.3246637905
LeftHand,2,30.71931311,0.5361531577
LeftHand,2.03333,41.11019914,0.7175083312
LeftHand,2.06667,47.68356019,0.8322351243
LeftHand,2.1,45.99317953,0.8027324163
LeftHand,2.13333,32.82814606,0.5729592361
LeftHand,2.16667,21.72129725,0.3791081549
LeftHand,2.2,21.10875032,0.3684171941
LeftHand,2.23333,25.56867296,0.4462575286
LeftHand,2.26667,31.51456271,0.5500328816
LeftHand,2.3,35.22801935,0.6148449265
LeftHand,2.33333,38.0587357,0.6642502471
LeftHand,2.36667,43.84038755,0.7651591081
LeftHand,2.4,41.36042803,0.7218756492
LeftHand,2.43333,36.23372491,0.6323978
LeftHand,2.46667,30.00297598,0.5236507163
LeftHand,2.5,25.55747417,0.4460620727
LeftHand,2.53333,20.73516227,0.3618968525
LeftHand,2.56667,30.07277448,0.52486893
LeftHand,2.6,30.93494634,0.5399166675
LeftHand,2.63333,30.71049749,0.5359992961
LeftHand,2.66667,37.30736901,0.6511364244
LeftHand,2.7,40.86637753,0.7132528412
LeftHand,2.73333,45.04619141,0.7862043557
LeftHand,2.76667,54.41224376,0.9496728071
LeftHand,2.8,56.38681266,0.9841355355
LeftHand,2.83333,54.29492399,0.9476251908
LeftHand,2.86667,49.52546841,0.8643824873
LeftHand,2.9,34.3580857,0.5996617201
LeftHand,2.93333,18.37378289,0.3206830075
LeftHand,2.96667,24.08386504,0.4203427415
LeftHand,3,45.24940121,0.7897510356
LeftHand,3.03333,58.39891659,1.019253374
LeftHand,3.06667,63.78691922,1.11329176
LeftHand,3.1,71.27106461,1.243914739
LeftHand,3.13333,68.96898175,1.203735813
LeftHand,3.16667,55.99927734,0.9773717683
LeftHand,3.2,40.51192039,0.707066397
LeftHand,3.23333,47.0428367,0.8210523898
LeftHand,3.26667,50.12315399,0.8748140687
LeftHand,3.3,51.02921565,0.8906278278
LeftHand,3.33333,59.95529377,1.04641728
LeftHand,3.36667,75.21132359,1.312685231
LeftHand,3.4,97.56054153,1.70275267
LeftHand,3.43333,103.4674247,1.80584723
LeftHand,3.46667,106.5328487,1.859348972
LeftHand,3.5,106.2764575,1.8548741
LeftHand,3.53333,106.8993473,1.865745578
LeftHand,3.56667,107.657921,1.878985188
LeftHand,3.6,101.3987199,1.769741519
LeftHand,3.63333,87.52045122,1.527520037
LeftHand,3.66667,64.33735987,1.122898762
LeftHand,3.7,32.1942227,0.5618951862
LeftHand,3.73333,13.45177655,0.234777791
LeftHand,3.76667,23.79047919,0.4152221925
LeftHand,3.8,60.82851493,1.061657865
LeftHand,3.83333,89.60889906,1.563970328
LeftHand,3.86667,92.83913782,1.62034863
LeftHand,3.9,80.39014126,1.403072651
LeftHand,3.93333,68.29104729,1.191903625
LeftHand,3.96667,68.98307916,1.203981859
LeftHand,4,76.0041002,1.326521794
LeftHand,4.03333,78.08376088,1.36281872
LeftHand,4.06667,79.87671297,1.394111637
LeftHand,4.1,83.9374464,1.464984805
LeftHand,4.13333,93.6746185,1.634930518
LeftHand,4.16667,106.1465425,1.852606657
LeftHand,4.2,118.1671141,2.062405209
LeftHand,4.23333,102.2966424,1.785413224
LeftHand,4.26667,70.65051643,1.23308413
LeftHand,4.3,67.78975179,1.183154368
LeftHand,4.33333,89.48986355,1.561892766
LeftHand,4.36667,101.5842964,1.772980441
LeftHand,4.4,92.31188541,1.611146339
LeftHand,4.43333,100.5054921,1.754151754
LeftHand,4.46667,115.7134078,2.019579955
LeftHand,4.5,127.3495267,2.222668542
LeftHand,4.53333,135.1256053,2.358386715
LeftHand,4.56667,134.2198866,2.342578943
LeftHand,4.6,129.5711234,2.261442719
LeftHand,4.63333,115.0857816,2.008625812
LeftHand,4.66667,95.11107975,1.660001497
LeftHand,4.7,77.33492856,1.34974913
LeftHand,4.73333,60.81883597,1.061488935
LeftHand,4.76667,40.11879727,0.7002051044
LeftHand,4.8,34.17105368,0.5963973957
LeftHand,4.83333,21.66284979,0.3780880543
LeftHand,4.86667,49.63685544,0.8663265578
LeftHand,4.9,89.34906806,1.559435421
LeftHand,4.93333,106.0900884,1.851621346
LeftHand,4.96667,94.62499634,1.651517741
LeftHand,5,79.64596822,1.390084381
LeftHand,5.03333,77.72566839,1.356568827
LeftHand,5.06667,89.33183561,1.559134658
LeftHand,5.1,109.1381722,1.904820444
LeftHand,5.13333,115.8293349,2.021603265
LeftHand,5.16667,115.8601334,2.022140799
LeftHand,5.2,118.0959811,2.061163704
LeftHand,5.23333,116.6266211,2.035518533
LeftHand,5.26667,104.6783958,1.826982662
LeftHand,5.3,77.08038711,1.345306544
LeftHand,5.33333,34.72240664,0.6060203201
LeftHand,5.36667,14.27047532,0.2490667802
LeftHand,5.4,53.3822096,0.9316953194
LeftLeg1,0.0333333,2782.004377,48.55513618
LeftLeg1,0.0666667,248.7440036,4.341401858
LeftLeg1,0.1,106.322163,1.855671812
LeftLeg1,0.133333,54.68116699,0.9543664028
LeftLeg1,0.166667,28.71445667,0.5011618118
LeftLeg1,0.2,14.78872565,0.2581119548
LeftLeg1,0.233333,16.38446176,0.2859628038
LeftLeg1,0.266667,19.38627659,0.3383543562
LeftLeg1,0.3,7.925305014,0.1383226667
LeftLeg1,0.333333,3.141296509,0.05482596686
LeftLeg1,0.366667,5.125479873,0.08945649953
LeftLeg1,0.4,2.169591528,0.03786651559
LeftLeg1,0.433333,4.936500627,0.08615818948
LeftLeg1,0.466667,2.625378499,0.04582149892
LeftLeg1,0.5,6.011179377,0.1049148721
LeftLeg1,0.533333,7.497109187,0.1308492397
LeftLeg1,0.566667,2.732338703,0.04768830665
LeftLeg1,0.6,2.53475297,0.04423978505
LeftLeg1,0.633333,2.176783875,0.03799204572
LeftLeg1,0.666667,2.258068309,0.03941072672
LeftLeg1,0.7,1.687070475,0.0294449345
LeftLeg1,0.733333,2.133072283,0.03722913453
LeftLeg1,0.766667,1.392112359,0.02429694422
LeftLeg1,0.8,1.496259163,0.02611464886
LeftLeg1,0.833333,0.9813372232,0.01712756562
LeftLeg1,0.866667,0.8947295509,0.01561597658
LeftLeg1,0.9,1.526789758,0.02664750826
LeftLeg1,0.933333,0.4221001725,0.007367037783
LeftLeg1,0.966667,2.460547038,0.04294464721
LeftLeg1,1,3.2319013,0.05640731879
LeftLeg1,1.03333,1.442052361,0.02516856168
LeftLeg1,1.06667,0,0
LeftLeg1,1.1,0,0
LeftLeg1,1.13333,1.179545494,0.02058695255
LeftLeg1,1.16667,2.47260326,0.04315506798
LeftLeg1,1.2,3.271191397,0.05709306034
LeftLeg1,1.23333,4.605690235,0.08038445893
LeftLeg1,1.26667,5.640292914,0.09844168213
LeftLeg1,1.3,5.123768021,0.08942662207
LeftLeg1,1.33333,2.248930108,0.03925123504
LeftLeg1,1.36667,2.243371324,0.03915421595
LeftLeg1,1.4,3.613142654,0.06306123565
LeftLeg1,1.43333,1.592000132,0.02778564399
LeftLeg1,1.46667,4.827845798,0.08426180496
LeftLeg1,1.5,13.82549657,0.2413004358
LeftLeg1,1.53333,18.46970079,0.3223570907
LeftLeg1,1.56667,14.25277466,0.2487578454
LeftLeg1,1.6,11.99937217,0.2094285525
LeftLeg1,1.63333,13.26379274,0.2314968546
LeftLeg1,1.66667,13.75128677,0.2400052305
LeftLeg1,1.7,9.674537312,0.1688525297
LeftLeg1,1.73333,6.336433093,0.1105916203
LeftLeg1,1.76667,8.849573286,0.1544541912
LeftLeg1,1.8,6.468154231,0.1128905879
LeftLeg1,1.83333,8.18414421,0.1428402629
LeftLeg1,1.86667,9.307872267,0.1624530174
LeftLeg1,1.9,4.979229931,0.08690395651
LeftLeg1,1.93333,5.792638768,0.1011006189
LeftLeg1,1.96667,21.22946236,0.3705240166
LeftLeg1,2,32.17114331,0.5614923748
LeftLeg1,2.03333,37.14408896,0.6482866499
LeftLeg1,2.06667,41.640311,0.7267605286
LeftLeg1,2.1,38.48020818,0.6716063296
LeftLeg1,2.13333,36.80672723,0.6423985771
LeftLeg1,2.16667,41.80193823,0.7295814558
LeftLeg1,2.2,47.97311607,0.8372888278
LeftLeg1,2.23333,45.36165553,0.7917102431
LeftLeg1,2.26667,41.43813811,0.7232319458
LeftLeg1,2.3,45.46609978,0.7935331392
LeftLeg1,2.33333,44.02263437,0.7683399151
LeftLeg1,2.36667,42.15505129,0.7357444414
LeftLeg1,2.4,45.5177608,0.7944347941
LeftLeg1,2.43333,56.89270292,0.9929649864
LeftLeg1,2.46667,75.88502358,1.324443514
LeftLeg1,2.5,92.50470386,1.614511656
LeftLeg1,2.53333,108.3864387,1.891700219
LeftLeg1,2.56667,124.7808663,2.17783696
LeftLeg1,2.6,209.0812186,3.649155669
LeftLeg1,2.63333,262.7254708,4.585424495
LeftLeg1,2.66667,268.3126194,4.682938633
LeftLeg1,2.7,216.3025442,3.775191578
LeftLeg1,2.73333,187.6349607,3.274847857
LeftLeg1,2.76667,195.3736899,3.40991416
LeftLeg1,2.8,208.0650403,3.631420012
LeftLeg1,2.83333,224.7866101,3.923266461
LeftLeg1,2.86667,257.0269785,4.485967041
LeftLeg1,2.9,294.9758326,5.148299493
LeftLeg1,2.93333,311.6736762,5.439731842
LeftLeg1,2.96667,299.788449,5.232295495
LeftLeg1,3,273.5619754,4.77455718
LeftLeg1,3.03333,185.0504127,3.229738984
LeftLeg1,3.06667,73.50200706,1.28285203
LeftLeg1,3.1,135.1759434,2.359265282
LeftLeg1,3.13333,135.060543,2.357251164
LeftLeg1,3.16667,278.187301,4.85528434
LeftLeg1,3.2,192.825303,3.365436419
LeftLeg1,3.23333,125.863207,2.19672737
LeftLeg1,3.26667,130.2984232,2.274136494
LeftLeg1,3.3,143.7893969,2.509598405
LeftLeg1,3.33333,143.0178937,2.496133135
LeftLeg1,3.36667,142.8408129,2.493042491
LeftLeg1,3.4,142.3723862,2.484866903
LeftLeg1,3.43333,132.9264614,2.320004415
LeftLeg1,3.46667,116.9085248,2.040438682
LeftLeg1,3.5,98.49900826,1.719132004
LeftLeg1,3.53333,84.23881664,1.470244708
LeftLeg1,3.56667,78.39403872,1.36823409
LeftLeg1,3.6,104.0456207,1.815938653
LeftLeg1,3.63333,136.4197274,2.380973408
LeftLeg1,3.66667,144.2184272,2.517086397
LeftLeg1,3.7,164.2768828,2.86717249
LeftLeg1,3.73333,177.1007733,3.090991602
LeftLeg1,3.76667,270.0075894,4.71252144
LeftLeg1,3.8,283.1698383,4.94224602
LeftLeg1,3.83333,250.0329098,4.363897515
LeftLeg1,3.86667,213.8363727,3.732148765
LeftLeg1,3.9,206.1147823,3.597381588
LeftLeg1,3.93333,229.7151203,4.009285191
LeftLeg1,3.96667,263.6953304,4.602351738
LeftLeg1,4,308.7466771,5.38864607
LeftLeg1,4.03333,368.2246016,6.426731684
LeftLeg1,4.06667,361.1262258,6.302841655
LeftLeg1,4.1,331.7387458,5.78993337
LeftLeg1,4.13333,251.4712678,4.389001598
LeftLeg1,4.16667,106.1625539,1.852886107
LeftLeg1,4.2,160.2620476,2.797100397
LeftLeg1,4.23333,235.5003615,4.110256698
LeftLeg1,4.26667,300.5446749,5.245494126
LeftLeg1,4.3,168.1941426,2.93554157
LeftLeg1,4.33333,120.095029,2.096053672
LeftLeg1,4.36667,141.625068,2.47182374
LeftLeg1,4.4,145.2181229,2.534534379
LeftLeg1,4.43333,137.1465152,2.393658248
LeftLeg1,4.46667,134.9108994,2.354639391
LeftLeg1,4.5,127.6313761,2.227587741
LeftLeg1,4.53333,108.5055891,1.893779786
LeftLeg1,4.56667,95.16734224,1.660983462
LeftLeg1,4.6,85.579139,1.493637747
LeftLeg1,4.63333,85.89346994,1.499123856
LeftLeg1,4.66667,104.7824272,1.828798353
LeftLeg1,4.7,133.7312068,2.334049871
LeftLeg1,4.73333,140.955453,2.460136753
LeftLeg1,4.76667,170.1154354,2.969074456
LeftLeg1,4.8,177.4587466,3.097239415
LeftLeg1,4.83333,262.1747563,4.575812713
LeftLeg1,4.86667,266.2680665,4.647254453
LeftLeg1,4.9,230.9101762,4.030142852
LeftLeg1,4.93333,187.7509907,3.276872961
LeftLeg1,4.96667,179.7803131,3.137758393
LeftLeg1,5,212.88233,3.715497577
LeftLeg1,5.03333,243.8178679,4.25542457
LeftLeg1,5.06667,299.689799,5.230573727
LeftLeg1,5.1,352.5253496,6.152728047
LeftLeg1,5.13333,372.4205961,6.499965605
LeftLeg1,5.16667,330.7509371,5.772692856
LeftLeg1,5.2,279.8080685,4.883572069
LeftLeg1,5.23333,125.7052134,2.193969861
LeftLeg1,5.26667,191.8209231,3.347906683
LeftLeg1,5.3,147.5641949,2.575481058
LeftLeg1,5.33333,277.7287518,4.847281147
LeftLeg1,5.36667,217.113612,3.78934738
LeftLeg1,5.4,123.3649952,2.153125348
LeftLeg2,0.0333333,247.3753484,4.317514318
LeftLeg2,0.0666667,77.61213475,1.354587291
LeftLeg2,0.1,27.06196964,0.4723204723
LeftLeg2,0.133333,12.236782,0.2135721357
LeftLeg2,0.166667,6.739567753,0.1176276474
LeftLeg2,0.2,3.908757166,0.06822068221
LeftLeg2,0.233333,0.06875562297,0.001200012
LeftLeg2,0.266667,0.7391007737,0.01289974201
LeftLeg2,0.3,2.430511272,0.0424204242
LeftLeg2,0.333333,1.493715909,0.0260702607
LeftLeg2,0.366667,0.3334547677,0.005819883602
LeftLeg2,0.4,0.1942346349,0.0033900339
LeftLeg2,0.433333,0.4434737682,0.007740077401
LeftLeg2,0.466667,1.16193517,0.02027959441
LeftLeg2,0.5,0.9849242991,0.0171901719
LeftLeg2,0.533333,0.5380127498,0.009390093901
LeftLeg2,0.566667,0.6462834672,0.0112797744
LeftLeg2,0.6,1.306356836,0.022800228
LeftLeg2,0.633333,1.247914557,0.0217802178
LeftLeg2,0.666667,0.1529766718,0.002669946601
LeftLeg2,0.7,0.9436709253,0.0164701647
LeftLeg2,0.733333,0.4555060022,0.007950079501
LeftLeg2,0.766667,0.598155975,0.0104397912
LeftLeg2,0.8,0.5019160477,0.008760087601
LeftLeg2,0.833333,0.05500449838,0.0009600096001
LeftLeg2,0.866667,0.07219123836,0.001259974801
LeftLeg2,0.9,0.6978695732,0.0121801218
LeftLeg2,0.933333,0.2028290878,0.0035400354
LeftLeg2,0.966667,0.2956403095,0.005159896802
LeftLeg2,1,0.440035987,0.007680076801
LeftLeg2,1.03333,0.2647329746,0.004620462046
LeftLeg2,1.06667,0.1976309131,0.003449310138
LeftLeg2,1.1,0.3128662428,0.005460546055
LeftLeg2,1.13333,0.2045663895,0.003570357036
LeftLeg2,1.16667,0.1873197351,0.003269346131
LeftLeg2,1.2,0.3111471975,0.005430543054
LeftLeg2,1.23333,0.09970462682,0.001740174017
LeftLeg2,1.26667,0.03093353423,0.0005398920216
LeftLeg2,1.3,0.4692993641,0.008190819082
LeftLeg2,1.33333,0.8732750073,0.01524152415
LeftLeg2,1.36667,0.7836495338,0.01367726455
LeftLeg2,1.4,0.2355092047,0.004110411041
LeftLeg2,1.43333,0.3197424239,0.005580558056
LeftLeg2,1.46667,1.256245196,0.02192561488
LeftLeg2,1.5,1.762021422,0.03075307531
LeftLeg2,1.53333,2.465110946,0.04302430243
LeftLeg2,1.56667,0.8609833694,0.0150269946
LeftLeg2,1.6,1.225679292,0.02139213921
LeftLeg2,1.63333,1.150041299,0.0200720072
LeftLeg2,1.66667,2.182532693,0.03809238152
LeftLeg2,1.7,2.678272562,0.04674467447
LeftLeg2,1.73333,3.814561498,0.06657665767
LeftLeg2,1.76667,3.763579998,0.06568686263
LeftLeg2,1.8,3.494819074,0.06099609961
LeftLeg2,1.83333,3.556704705,0.06207620762
LeftLeg2,1.86667,1.618854958,0.02825434913
LeftLeg2,1.9,4.154932466,0.07251725173
LeftLeg2,1.93333,3.369328768,0.05880588059
LeftLeg2,1.96667,1.685877616,0.02942411518
LeftLeg2,2,5.084935968,0.08874887489
LeftLeg2,2.03333,4.631108011,0.08082808281
LeftLeg2,2.06667,0.7011601092,0.01223755249
LeftLeg2,2.1,1.318507737,0.02301230123
LeftLeg2,2.13333,2.329306368,0.04065406541
LeftLeg2,2.16667,0.06014853878,0.001049790042
LeftLeg2,2.2,2.497772806,0.04359435944
LeftLeg2,2.23333,0.6291705761,0.01098109811
LeftLeg2,2.26667,0.3505800546,0.006118776245
LeftLeg2,2.3,1.995811582,0.03483348335
LeftLeg2,2.33333,4.988669431,0.08706870687
LeftLeg2,2.36667,9.250845265,0.1614577085
LeftLeg2,2.4,6.78850985,0.1184818482
LeftLeg2,2.43333,1.703573882,0.0297329733
LeftLeg2,2.46667,3.684527633,0.06430713857
LeftLeg2,2.5,3.197424239,0.05580558056
LeftLeg2,2.53333,8.425040966,0.1470447045
LeftLeg2,2.56667,47.85761451,0.8352729454
LeftLeg2,2.6,114.1841453,1.992889289
LeftLeg2,2.63333,173.0580084,3.020432043
LeftLeg2,2.66667,242.1872321,4.226964607
LeftLeg2,2.7,238.7719527,4.167356736
LeftLeg2,2.73333,156.5740831,2.732733273
LeftLeg2,2.76667,81.4462771,1.421505699
LeftLeg2,2.8,3.271343187,0.05709570957
LeftLeg2,2.83333,58.3959685,1.01920192
LeftLeg2,2.86667,114.7290414,2.00239952
LeftLeg2,2.9,141.9054696,2.476717672
LeftLeg2,2.93333,115.2912105,2.012211221
LeftLeg2,2.96667,35.18002107,0.6140071986
LeftLeg2,3,29.33894596,0.5120612061
LeftLeg2,3.03333,13.92082876,0.2429642964
LeftLeg2,3.06667,9.835145356,0.1716556689
LeftLeg2,3.1,45.57017159,0.795349535
LeftLeg2,3.13333,26.81710652,0.4680468047
LeftLeg2,3.16667,38.38679745,0.6699760048
LeftLeg2,3.2,16.2759208,0.2840684068
LeftLeg2,3.23333,28.48801854,0.497209721
LeftLeg2,3.26667,52.87056559,0.9227654469
LeftLeg2,3.3,77.95010867,1.360486049
LeftLeg2,3.33333,95.48265158,1.666486649
LeftLeg2,3.36667,99.0027763,1.727924415
LeftLeg2,3.4,86.14479757,1.503510351
LeftLeg2,3.43333,56.07869545,0.9787578758
LeftLeg2,3.46667,31.4817452,0.549460108
LeftLeg2,3.5,6.896809703,0.1203720372
LeftLeg2,3.53333,6.511743558,0.1136513651
LeftLeg2,3.56667,5.074818143,0.08857228554
LeftLeg2,3.6,2.504648987,0.04371437144
LeftLeg2,3.63333,7.103095138,0.1239723972
LeftLeg2,3.66667,5.724422362,0.099910018
LeftLeg2,3.7,34.30698685,0.598769877
LeftLeg2,3.73333,110.5982168,1.93030303
LeftLeg2,3.76667,180.8511893,3.15644871
LeftLeg2,3.8,250.0162279,4.363606361
LeftLeg2,3.83333,237.8677349,4.151575158
LeftLeg2,3.86667,139.372757,2.432513497
LeftLeg2,3.9,65.48015414,1.142844284
LeftLeg2,3.93333,9.870758055,0.1722772277
LeftLeg2,3.96667,72.00983063,1.256808638
LeftLeg2,4,130.1506379,2.271557156
LeftLeg2,4.03333,155.0063138,2.705370537
LeftLeg2,4.06667,113.6996421,1.984433113
LeftLeg2,4.1,17.15091486,0.299339934
LeftLeg2,4.13333,22.39228395,0.3908190819
LeftLeg2,4.16667,17.14061502,0.299160168
LeftLeg2,4.2,68.5950642,1.197209721
LeftLeg2,4.23333,24.95881856,0.4356135614
LeftLeg2,4.26667,22.89425239,0.399580084
LeftLeg2,4.3,1.01079863,0.01764176418
LeftLeg2,4.33333,41.14534901,0.7181218122
LeftLeg2,4.36667,75.51391265,1.317966407
LeftLeg2,4.4,97.61426774,1.703690369
LeftLeg2,4.43333,95.24886142,1.662406241
LeftLeg2,4.46667,78.22059689,1.365206959
LeftLeg2,4.5,44.29807808,0.7731473147
LeftLeg2,4.53333,22.50917903,0.3928592859
LeftLeg2,4.56667,3.904499432,0.06814637073
LeftLeg2,4.6,6.93806679,0.1210921092
LeftLeg2,4.63333,5.762239812,0.100570057
LeftLeg2,4.66667,0.8077089493,0.01409718056
LeftLeg2,4.7,0.8010751051,0.01398139814
LeftLeg2,4.73333,19.84465883,0.3463546355
LeftLeg2,4.76667,49.88032395,0.8705758848
LeftLeg2,4.8,122.7398337,2.142214221
LeftLeg2,4.83333,192.8889148,3.366546655
LeftLeg2,4.86667,242.3900186,4.230503899
LeftLeg2,4.9,222.4393034,3.88229823
LeftLeg2,4.93333,131.5894789,2.296669667
LeftLeg2,4.96667,50.34948255,0.8787642472
LeftLeg2,5,28.78025624,0.502310231
LeftLeg2,5.03333,104.5007632,1.823882388
LeftLeg2,5.06667,161.3596257,2.816256749
LeftLeg2,5.1,182.6623144,3.188058806
LeftLeg2,5.13333,126.7194235,2.211671167
LeftLeg2,5.16667,9.472535593,0.1653269346
LeftLeg2,5.2,20.50477222,0.3578757876
LeftLeg2,5.23333,8.089827134,0.1411941194
LeftLeg2,5.26667,84.0635978,1.467186563
LeftLeg2,5.3,29.72057402,0.5187218722
LeftLeg2,5.33333,26.23778826,0.4579357936
LeftLeg2,5.36667,16.60787082,0.2898620276
LeftLeg2,5.4,34.05944433,0.5944494449
RightArm1,0.0333333,3338.746112,58.27211253
RightArm1,0.0666667,289.7602841,5.057270999
RightArm1,0.1,116.9423049,2.041028255
RightArm1,0.133333,51.43378327,0.8976888648
RightArm1,0.166667,30.63187137,0.5346270115
RightArm1,0.2,26.90333963,0.4695518563
RightArm1,0.233333,29.02578907,0.5065955873
RightArm1,0.266667,28.51439176,0.4976700204
RightArm1,0.3,24.14825503,0.4214665588
RightArm1,0.333333,19.87151265,0.3468233231
RightArm1,0.366667,15.11292394,0.2637702824
RightArm1,0.4,10.27192656,0.179278939
RightArm1,0.433333,7.875812903,0.1374588664
RightArm1,0.466667,13.92081453,0.2429640481
RightArm1,0.5,16.90261403,0.2950062671
RightArm1,0.533333,19.39926891,0.3385811149
RightArm1,0.566667,13.529197,0.2361290328
RightArm1,0.6,2.282491784,0.03983699678
RightArm1,0.633333,7.978155524,0.1392450821
RightArm1,0.666667,5.87568387,0.1025500293
RightArm1,0.7,3.026602526,0.05282417923
RightArm1,0.733333,3.614682612,0.063088113
RightArm1,0.766667,4.179875675,0.07295259285
RightArm1,0.8,2.966137527,0.05176886591
RightArm1,0.833333,2.129749875,0.03717114757
RightArm1,0.866667,3.586283812,0.06259246042
RightArm1,0.9,3.783419995,0.0660331359
RightArm1,0.933333,2.110772296,0.03683992633
RightArm1,0.966667,2.885658879,0.05036424852
RightArm1,1,5.111160667,0.08920658223
RightArm1,1.03333,0,0
RightArm1,1.06667,0.9761728709,0.01703743067
RightArm1,1.1,1.090168503,0.01902702978
RightArm1,1.13333,2.24364577,0.03915900593
RightArm1,1.16667,2.443769381,0.04265182186
RightArm1,1.2,1.821960727,0.03179921352
RightArm1,1.23333,2.590554317,0.04521370228
RightArm1,1.26667,2.877518281,0.05022216829
RightArm1,1.3,2.192616735,0.03826838125
RightArm1,1.33333,2.630704,0.04591444644
RightArm1,1.36667,3.012374007,0.05257584472
RightArm1,1.4,2.40338579,0.04194699523
RightArm1,1.43333,2.84625166,0.04967646281
RightArm1,1.46667,3.983238196,0.0695206214
RightArm1,1.5,4.610579578,0.08046979406
RightArm1,1.53333,3.325275247,0.05803700159
RightArm1,1.56667,2.103588794,0.03671455056
RightArm1,1.6,3.450652445,0.0602252465
RightArm1,1.63333,2.332093685,0.04070271326
RightArm1,1.66667,6.218970373,0.1085415091
RightArm1,1.7,6.633081252,0.1157691074
RightArm1,1.73333,5.604001559,0.09780827849
RightArm1,1.76667,2.904512347,0.05069330361
RightArm1,1.8,7.876570458,0.1374720883
RightArm1,1.83333,11.87043356,0.2071781493
RightArm1,1.86667,9.589929181,0.1673758392
RightArm1,1.9,13.26821576,0.2315740508
RightArm1,1.93333,20.97947378,0.3661608928
RightArm1,1.96667,27.68638772,0.4832186237
RightArm1,2,37.6765889,0.6575805272
RightArm1,2.03333,46.05461384,0.8038046473
RightArm1,2.06667,36.45232804,0.6362131444
RightArm1,2.1,44.59030279,0.7782475981
RightArm1,2.13333,45.1709623,0.7883820185
RightArm1,2.16667,42.29473575,0.7381823951
RightArm1,2.2,40.91753373,0.7141456855
RightArm1,2.23333,32.87760161,0.5738223982
RightArm1,2.26667,26.14549105,0.4563249034
RightArm1,2.3,25.93056496,0.4525737354
RightArm1,2.33333,19.84703902,0.3463961776
RightArm1,2.36667,10.1891641,0.1778344615
RightArm1,2.4,8.085856601,0.1411248205
RightArm1,2.43333,6.82691211,0.1191520941
RightArm1,2.46667,5.324990115,0.09293861015
RightArm1,2.5,6.163284385,0.1075696053
RightArm1,2.53333,14.41030076,0.2515071944
RightArm1,2.56667,28.81711234,0.5029534913
RightArm1,2.6,45.93533469,0.8017228334
RightArm1,2.63333,73.69761848,1.286266093
RightArm1,2.66667,88.72134435,1.548479576
RightArm1,2.7,88.44357231,1.543631539
RightArm1,2.73333,81.97593223,1.430749925
RightArm1,2.76667,86.91963953,1.517033894
RightArm1,2.8,94.07519125,1.641921832
RightArm1,2.83333,118.6569399,2.070954281
RightArm1,2.86667,132.5072321,2.312687483
RightArm1,2.9,132.2666012,2.308487682
RightArm1,2.93333,129.7674081,2.264868533
RightArm1,2.96667,119.5322442,2.086231224
RightArm1,3,101.0578941,1.763792987
RightArm1,3.03333,70.23896282,1.225901164
RightArm1,3.06667,54.65115819,0.9538426504
RightArm1,3.1,49.93840862,0.8715896536
RightArm1,3.13333,47.67656668,0.8321130646
RightArm1,3.16667,69.83657609,1.218878191
RightArm1,3.2,103.0600824,1.798737765
RightArm1,3.23333,140.372156,2.449956301
RightArm1,3.26667,161.1226828,2.812121315
RightArm1,3.3,141.2585402,2.465426622
RightArm1,3.33333,138.2822136,2.413479924
RightArm1,3.36667,117.5340582,2.051356299
RightArm1,3.4,133.0770934,2.322633438
RightArm1,3.43333,128.9473833,2.2505564
RightArm1,3.46667,112.7409553,1.967700872
RightArm1,3.5,91.25585572,1.592715144
RightArm1,3.53333,68.47432757,1.195102469
RightArm1,3.56667,54.53418586,0.9518010982
RightArm1,3.6,42.82146158,0.747375495
RightArm1,3.63333,26.49244834,0.4623804504
RightArm1,3.66667,34.27215288,0.5981619094
RightArm1,3.7,46.91076606,0.8187473224
RightArm1,3.73333,60.97562771,1.064225467
RightArm1,3.76667,92.31785516,1.611250531
RightArm1,3.8,106.7512091,1.86316008
RightArm1,3.83333,116.1215092,2.026702668
RightArm1,3.86667,128.0649589,2.235155189
RightArm1,3.9,137.2952024,2.39625333
RightArm1,3.93333,153.6926601,2.682442955
RightArm1,3.96667,174.673307,3.048624323
RightArm1,4,182.3744021,3.183033789
RightArm1,4.03333,174.9153502,3.052848773
RightArm1,4.06667,156.2306499,2.726739233
RightArm1,4.1,143.116179,2.497848536
RightArm1,4.13333,129.1536419,2.254156292
RightArm1,4.16667,84.05849209,1.467097451
RightArm1,4.2,40.09363669,0.6997659693
RightArm1,4.23333,60.18980096,1.050510203
RightArm1,4.26667,93.84281516,1.637866104
RightArm1,4.3,134.5690592,2.348673155
RightArm1,4.33333,184.3178873,3.216954004
RightArm1,4.36667,205.037721,3.578583322
RightArm1,4.4,188.0869643,3.282736807
RightArm1,4.43333,172.8823649,3.017366486
RightArm1,4.46667,168.2161094,2.935924963
RightArm1,4.5,153.8311118,2.684859392
RightArm1,4.53333,135.9960137,2.373578209
RightArm1,4.56667,117.2126727,2.045747063
RightArm1,4.6,97.79100584,1.706775031
RightArm1,4.63333,91.48859101,1.596777141
RightArm1,4.66667,88.39003792,1.542697188
RightArm1,4.7,66.26309332,1.156509151
RightArm1,4.73333,29.61625788,0.5169012121
RightArm1,4.76667,33.16829266,0.5788959142
RightArm1,4.8,66.92136106,1.16799809
RightArm1,4.83333,101.9130086,1.778717551
RightArm1,4.86667,129.2098816,2.25513786
RightArm1,4.9,154.4463402,2.695597154
RightArm1,4.93333,194.4700348,3.394142403
RightArm1,4.96667,197.7337928,3.451105726
RightArm1,5,190.6388388,3.327275419
RightArm1,5.03333,152.8123252,2.667078213
RightArm1,5.06667,155.4478985,2.713077645
RightArm1,5.1,145.774865,2.544251362
RightArm1,5.13333,147.5193231,2.574697898
RightArm1,5.16667,142.8946508,2.49398214
RightArm1,5.2,121.3611894,2.11815234
RightArm1,5.23333,87.25071331,1.522812222
RightArm1,5.26667,70.77104828,1.235187808
RightArm1,5.3,70.34671852,1.227781856
RightArm1,5.33333,89.26061579,1.557891638
RightArm1,5.36667,104.8335948,1.829691396
RightArm1,5.4,140.890505,2.459003198
RightArm2,0.0333333,639.7395307,11.16556117
RightArm2,0.0666667,30.4222792,0.5309689381
RightArm2,0.1,0.1340722581,0.00234000234
RightArm2,0.133333,13.01715832,0.2271922719
RightArm2,0.166667,11.4079345,0.1991060179
RightArm2,0.2,2.834450557,0.0494704947
RightArm2,0.233333,5.254648486,0.09171091711
RightArm2,0.266667,8.707638418,0.1519769605
RightArm2,0.3,6.803368893,0.1187411874
RightArm2,0.333333,1.895936303,0.0330903309
RightArm2,0.366667,5.610290524,0.09791804164
RightArm2,0.4,12.46023777,0.2174721747
RightArm2,0.433333,17.90224533,0.3124531245
RightArm2,0.466667,16.65898767,0.2907541849
RightArm2,0.5,11.46328124,0.2000720007
RightArm2,0.533333,0.6411461842,0.0111901119
RightArm2,0.566667,5.845771468,0.1020279594
RightArm2,0.6,8.866037582,0.1547415474
RightArm2,0.633333,5.644836646,0.09852098521
RightArm2,0.666667,4.273033775,0.07457850843
RightArm2,0.7,2.131424312,0.037200372
RightArm2,0.733333,0.5998928104,0.0104701047
RightArm2,0.766667,0.7648833588,0.01334973301
RightArm2,0.8,1.244476776,0.0217202172
RightArm2,0.833333,0.08078785699,0.0014100141
RightArm2,0.866667,1.576175371,0.02750944981
RightArm2,0.9,2.318783385,0.0404704047
RightArm2,0.933333,1.024458782,0.0178801788
RightArm2,0.966667,1.426636377,0.02489950201
RightArm2,1,1.297762384,0.0226502265
RightArm2,1.03333,1.026270038,0.01791179118
RightArm2,1.06667,0.2113791506,0.003689262148
RightArm2,1.1,0.9557891812,0.01668166817
RightArm2,1.13333,2.119582842,0.03699369937
RightArm2,1.16667,2.094887679,0.03656268746
RightArm2,1.2,2.129897114,0.03717371737
RightArm2,1.23333,3.91598517,0.06834683468
RightArm2,1.26667,3.21536903,0.05611877624
RightArm2,1.3,1.760302377,0.03072307231
RightArm2,1.33333,1.698416746,0.0296429643
RightArm2,1.36667,0.3763579998,0.006568686263
RightArm2,1.4,1.100188986,0.01920192019
RightArm2,1.43333,0.343809058,0.00600060006
RightArm2,1.46667,0.9451913237,0.01649670066
RightArm2,1.5,2.086920982,0.03642364236
RightArm2,1.53333,1.488693221,0.02598259826
RightArm2,1.56667,1.699625853,0.02966406719
RightArm2,1.6,0.7185609312,0.01254125413
RightArm2,1.63333,0.3248995598,0.005670567057
RightArm2,1.66667,3.954336792,0.06901619676
RightArm2,1.7,4.234008549,0.07389738974
RightArm2,1.73333,6.257324855,0.1092109211
RightArm2,1.76667,3.136316665,0.05473905219
RightArm2,1.8,2.881119906,0.0502850285
RightArm2,1.83333,1.473221813,0.02571257126
RightArm2,1.86667,0.1082673698,0.001889622076
RightArm2,1.9,4.323398904,0.07545754575
RightArm2,1.93333,8.62788831,0.1505850585
RightArm2,1.96667,6.889585485,0.1202459508
RightArm2,2,7.818217979,0.1364536454
RightArm2,2.03333,11.31131801,0.197419742
RightArm2,2.06667,6.224514499,0.1086382723
RightArm2,2.1,1.363202915,0.02379237924
RightArm2,2.13333,2.315554006,0.0404140414
RightArm2,2.16667,8.016940955,0.1399220156
RightArm2,2.2,1.875478411,0.03273327333
RightArm2,2.23333,4.613917558,0.08052805281
RightArm2,2.26667,7.910392115,0.1380623875
RightArm2,2.3,11.54510817,0.20150015
RightArm2,2.33333,10.97266609,0.1915091509
RightArm2,2.36667,10.21665894,0.1783143371
RightArm2,2.4,5.727858906,0.099969997
RightArm2,2.43333,2.205535107,0.03849384938
RightArm2,2.46667,0.756153059,0.01319736053
RightArm2,2.5,1.854849868,0.03237323732
RightArm2,2.53333,16.28795412,0.2842784278
RightArm2,2.56667,11.82348419,0.2063587283
RightArm2,2.6,25.36451325,0.4426942694
RightArm2,2.63333,35.41405202,0.6180918092
RightArm2,2.66667,24.62653031,0.4298140372
RightArm2,2.7,16.01462592,0.2795079508
RightArm2,2.73333,8.945911689,0.1561356136
RightArm2,2.76667,2.320015067,0.04049190162
RightArm2,2.8,6.785071759,0.1184218422
RightArm2,2.83333,25.00007565,0.4363336334
RightArm2,2.86667,38.99687549,0.6806238752
RightArm2,2.9,41.76936245,0.7290129013
RightArm2,2.93333,44.4734207,0.7762076208
RightArm2,2.96667,39.0673352,0.6818536293
RightArm2,3,20.86577173,0.3641764176
RightArm2,3.03333,0.3077091069,0.005370537054
RightArm2,3.06667,0.5069662554,0.008848230354
RightArm2,3.1,7.648032495,0.1334833483
RightArm2,3.13333,0.9575082265,0.01671167117
RightArm2,3.16667,1.639477314,0.02861427714
RightArm2,3.2,7.101376093,0.1239423942
RightArm2,3.23333,36.76522162,0.6416741674
RightArm2,3.26667,47.52250123,0.8294241152
RightArm2,3.3,33.47668798,0.5842784278
RightArm2,3.33333,17.16294817,0.299549955
RightArm2,3.36667,18.55668348,0.323875225
RightArm2,3.4,14.6359516,0.2554455446
RightArm2,3.43333,16.3326493,0.2850585059
RightArm2,3.46667,14.19505515,0.2477504499
RightArm2,3.5,4.249479957,0.07416741674
RightArm2,3.53333,3.7045426,0.06465646565
RightArm2,3.56667,4.519733057,0.07888422316
RightArm2,3.6,13.32775813,0.2326132613
RightArm2,3.63333,14.39184717,0.2511851185
RightArm2,3.66667,1.536365533,0.02681463707
RightArm2,3.7,11.48666063,0.200480048
RightArm2,3.73333,11.68950797,0.204020402
RightArm2,3.76667,28.67023064,0.500389922
RightArm2,3.8,46.21825166,0.8066606661
RightArm2,3.83333,30.45116827,0.5314731473
RightArm2,3.86667,4.622844838,0.08068386323
RightArm2,3.9,18.5416225,0.3236123612
RightArm2,3.93333,40.18955983,0.701440144
RightArm2,3.96667,57.48481778,1.00329934
RightArm2,4,71.07392751,1.240474047
RightArm2,4.03333,75.41795496,1.316291629
RightArm2,4.06667,68.47653361,1.195140972
RightArm2,4.1,60.70980346,1.059585959
RightArm2,4.13333,52.13864364,0.9099909991
RightArm2,4.16667,30.3183006,0.5291541692
RightArm2,4.2,12.21725488,0.2132313231
RightArm2,4.23333,24.90724721,0.4347134713
RightArm2,4.26667,18.11330282,0.3161367726
RightArm2,4.3,48.84151478,0.8524452445
RightArm2,4.33333,71.67559336,1.250975098
RightArm2,4.36667,62.20390028,1.085662867
RightArm2,4.4,30.80701064,0.5376837684
RightArm2,4.43333,4.282141817,0.07473747375
RightArm2,4.46667,13.02301791,0.2272945411
RightArm2,4.5,22.96300698,0.400780078
RightArm2,4.53333,21.96252262,0.3833183318
RightArm2,4.56667,11.07248672,0.1932513497
RightArm2,4.6,7.720232397,0.1347434743
RightArm2,4.63333,18.69633657,0.3263126313
RightArm2,4.66667,15.39115181,0.2686262747
RightArm2,4.7,0.8354560109,0.01458145815
RightArm2,4.73333,25.77020794,0.4497749775
RightArm2,4.76667,2.41109714,0.04208158368
RightArm2,4.8,29.00201309,0.5061806181
RightArm2,4.83333,53.58779882,0.9352835284
RightArm2,4.86667,70.88419369,1.237162567
RightArm2,4.9,61.05189347,1.065556556
RightArm2,4.93333,24.62532378,0.4297929793
RightArm2,4.96667,20.3009911,0.3543191362
RightArm2,5,48.2123442,0.8414641464
RightArm2,5.03333,47.29609306,0.8254725473
RightArm2,5.06667,59.17585098,1.032813437
RightArm2,5.1,60.39178008,1.054035404
RightArm2,5.13333,64.06366082,1.118121812
RightArm2,5.16667,75.41595645,1.316256749
RightArm2,5.2,73.27946262,1.278967897
RightArm2,5.23333,66.60269071,1.162436244
RightArm2,5.26667,67.30105931,1.174625075
RightArm2,5.3,39.59133207,0.6909990999
RightArm2,5.33333,9.805434334,0.1711371137
RightArm2,5.36667,39.06217961,0.6817636473
RightArm2,5.4,110.0532795,1.920792079
RightFoot,0.0333333,2306.005613,40.24739051
RightFoot,0.0666667,1662.198129,29.01083018
RightFoot,0.1,977.4700448,17.06007062
RightFoot,0.133333,490.8679712,8.567262291
RightFoot,0.166667,260.3628017,4.54418814
RightFoot,0.2,150.8704068,2.633185343
RightFoot,0.233333,87.58706595,1.528682683
RightFoot,0.266667,55.14691665,0.9624952679
RightFoot,0.3,31.66414763,0.552643631
RightFoot,0.333333,23.78178325,0.4150704196
RightFoot,0.366667,17.83438309,0.3112687049
RightFoot,0.4,9.567397662,0.16698259
RightFoot,0.433333,6.879774744,0.1200747211
RightFoot,0.466667,4.934556263,0.08612425391
RightFoot,0.5,8.379420305,0.1462484737
RightFoot,0.533333,8.296535942,0.1448018687
RightFoot,0.566667,4.216892189,0.07359865291
RightFoot,0.6,2.595177336,0.04529438919
RightFoot,0.633333,3.293718771,0.05748623719
RightFoot,0.666667,2.790793113,0.04870852857
RightFoot,0.7,2.213664101,0.0386357271
RightFoot,0.733333,2.227597256,0.03887890653
RightFoot,0.766667,3.34422644,0.05836776231
RightFoot,0.8,2.314709401,0.04039930028
RightFoot,0.833333,1.861739161,0.03249347818
RightFoot,0.866667,2.636929168,0.04602309613
RightFoot,0.9,0,0
RightFoot,0.933333,0,0
RightFoot,0.966667,0.7221524133,0.01260393731
RightFoot,1,1.509790909,0.02635082238
RightFoot,1.03333,2.589973279,0.04520356126
RightFoot,1.06667,2.378789624,0.04151771116
RightFoot,1.1,2.790545968,0.04870421508
RightFoot,1.13333,2.92408013,0.05103482586
RightFoot,1.16667,2.14262031,0.03739577903
RightFoot,1.2,2.1640837,0.03777038585
RightFoot,1.23333,2.823174622,0.04927369251
RightFoot,1.26667,2.966487663,0.05177497694
RightFoot,1.3,3.254920606,0.05680908147
RightFoot,1.33333,3.087089937,0.0538798837
RightFoot,1.36667,3.180616715,0.05551223393
RightFoot,1.4,4.157071159,0.07255457897
RightFoot,1.43333,5.384988052,0.09398577169
RightFoot,1.46667,5.570681862,0.09722674007
RightFoot,1.5,4.989710253,0.08708687264
RightFoot,1.53333,4.074845573,0.07111947177
RightFoot,1.56667,2.538417448,0.04430374225
RightFoot,1.6,1.556093751,0.02715895942
RightFoot,1.63333,3.459186945,0.06037420163
RightFoot,1.66667,9.226609542,0.1610347153
RightFoot,1.7,10.45592662,0.1824903458
RightFoot,1.73333,5.248068869,0.09159608114
RightFoot,1.76667,7.100399339,0.1239253467
RightFoot,1.8,8.147122187,0.1421941067
RightFoot,1.83333,13.16300207,0.2297377256
RightFoot,1.86667,21.02727038,0.3669951008
RightFoot,1.9,48.33180607,0.8435491493
RightFoot,1.93333,94.82646343,1.655034005
RightFoot,1.96667,188.878548,3.296552549
RightFoot,2,345.5360478,6.030741718
RightFoot,2.03333,552.7413999,9.64715734
RightFoot,2.06667,682.2221589,11.9070229
RightFoot,2.1,636.8129267,11.11448229
RightFoot,2.13333,437.2341482,7.631175487
RightFoot,2.16667,254.2546957,4.437581579
RightFoot,2.2,153.4874328,2.678861063
RightFoot,2.23333,171.4338354,2.992084877
RightFoot,2.26667,212.0953123,3.701761527
RightFoot,2.3,220.1827678,3.842914253
RightFoot,2.33333,188.911426,3.297126379
RightFoot,2.36667,147.3100254,2.571044965
RightFoot,2.4,114.8669948,2.00480726
RightFoot,2.43333,87.82070403,1.532760437
RightFoot,2.46667,67.15223338,1.172027573
RightFoot,2.5,207.6168913,3.623598337
RightFoot,2.53333,158.8858389,2.773081024
RightFoot,2.56667,89.37814556,1.559942919
RightFoot,2.6,94.97700498,1.657661451
RightFoot,2.63333,75.50806329,1.317864316
RightFoot,2.66667,66.53557972,1.161264936
RightFoot,2.7,67.10636692,1.171227052
RightFoot,2.73333,112.0002588,1.954773279
RightFoot,2.76667,181.8161033,3.173289636
RightFoot,2.8,221.2180479,3.8609833
RightFoot,2.83333,249.5687367,4.355796165
RightFoot,2.86667,259.7484116,4.533465009
RightFoot,2.9,275.602636,4.810173425
RightFoot,2.93333,273.0194068,4.765087571
RightFoot,2.96667,251.7075823,4.393126063
RightFoot,3,212.5078783,3.708962163
RightFoot,3.03333,175.9839868,3.0715
RightFoot,3.06667,156.642515,2.733927635
RightFoot,3.1,196.5667815,3.430737537
RightFoot,3.13333,300.1175813,5.238039937
RightFoot,3.16667,457.7230252,7.988773851
RightFoot,3.2,602.8618023,10.52192339
RightFoot,3.23333,820.8186222,14.32598752
RightFoot,3.26667,551.0448562,9.617547066
RightFoot,3.3,247.325354,4.316641751
RightFoot,3.33333,177.5445981,3.098737806
RightFoot,3.36667,196.3219456,3.426464345
RightFoot,3.4,159.2015104,2.778590531
RightFoot,3.43333,194.2274156,3.3899079
RightFoot,3.46667,236.9158574,4.134961762
RightFoot,3.5,298.3749029,5.20762446
RightFoot,3.53333,414.1802448,7.228808968
RightFoot,3.56667,508.3656237,8.872653938
RightFoot,3.6,365.8127159,6.384636339
RightFoot,3.63333,205.5728821,3.587923645
RightFoot,3.66667,290.2364325,5.065581357
RightFoot,3.7,302.1554807,5.273607992
RightFoot,3.73333,141.014342,2.461164561
RightFoot,3.76667,75.7613617,1.322285208
RightFoot,3.8,93.20062239,1.626657726
RightFoot,3.83333,128.0320607,2.234581008
RightFoot,3.86667,172.9330883,3.018251777
RightFoot,3.9,231.0465201,4.032522502
RightFoot,3.93333,244.0570637,4.259599325
RightFoot,3.96667,249.5049199,4.354682352
RightFoot,4,220.7306852,3.852477217
RightFoot,4.03333,185.2363483,3.232984173
RightFoot,4.06667,159.2667928,2.779729923
RightFoot,4.1,118.57716,2.06956186
RightFoot,4.13333,97.40186953,1.699983321
RightFoot,4.16667,160.4424457,2.800248937
RightFoot,4.2,263.5705431,4.600173788
RightFoot,4.23333,442.7751259,7.727883794
RightFoot,4.26667,574.8172878,10.03245427
RightFoot,4.3,835.4087594,14.58063345
RightFoot,4.33333,639.6790832,11.16450616
RightFoot,4.36667,319.0555699,5.568570192
RightFoot,4.4,167.7016394,2.926945769
RightFoot,4.43333,195.5331189,3.412696721
RightFoot,4.46667,165.8385364,2.894428488
RightFoot,4.5,182.0681106,3.177687993
RightFoot,4.53333,228.9414875,3.995782752
RightFoot,4.56667,297.5267191,5.192820861
RightFoot,4.6,408.9560978,7.137630403
RightFoot,4.63333,541.7980436,9.456159742
RightFoot,4.66667,437.3157462,7.632599642
RightFoot,4.7,230.9002561,4.029969713
RightFoot,4.73333,356.2084622,6.217010489
RightFoot,4.76667,287.2638843,5.013700602
RightFoot,4.8,192.9813624,3.368160169
RightFoot,4.83333,69.91816017,1.220302102
RightFoot,4.86667,106.015735,1.850323635
RightFoot,4.9,120.7264485,2.107074021
RightFoot,4.93333,143.1009769,2.49758321
RightFoot,4.96667,167.7050623,2.927005509
RightFoot,5,204.8015527,3.574461408
RightFoot,5.03333,201.4876372,3.516622671
RightFoot,5.06667,196.5592879,3.430606749
RightFoot,5.1,166.7360525,2.910093098
RightFoot,5.13333,138.2133089,2.41227731
RightFoot,5.16667,109.771395,1.915872267
RightFoot,5.2,73.1361265,1.27646621
RightFoot,5.23333,88.84727285,1.550677443
RightFoot,5.26667,160.1039467,2.794341016
RightFoot,5.3,269.4187926,4.702244998
RightFoot,5.33333,473.530871,8.26467281
RightFoot,5.36667,613.5136018,10.70783236
RightFoot,5.4,723.3895331,12.62552913
RightHand,0.0333333,228.7743506,3.992865663
RightHand,0.0666667,410.0076174,7.155982881
RightHand,0.1,354.4007994,6.185460822
RightHand,0.133333,285.8194606,4.988490653
RightHand,0.166667,218.2634143,3.809415217
RightHand,0.2,158.2595164,2.762149634
RightHand,0.233333,111.8419291,1.952009905
RightHand,0.266667,78.19184418,1.364705129
RightHand,0.3,56.08291091,0.9788314494
RightHand,0.333333,40.7624977,0.7114397962
RightHand,0.366667,28.68619307,0.5006685189
RightHand,0.4,16.59702391,0.2896727133
RightHand,0.433333,7.564626619,0.1320276412
RightHand,0.466667,9.513001579,0.1660331993
RightHand,0.5,8.133737918,0.1419605072
RightHand,0.533333,2.876386543,0.05020241574
RightHand,0.566667,2.679579199,0.04676747959
RightHand,0.6,4.364357225,0.0761724033
RightHand,0.633333,5.681215172,0.09915591027
RightHand,0.666667,6.239820264,0.1089054083
RightHand,0.7,4.915725157,0.08579558911
RightHand,0.733333,4.453829484,0.07773398882
RightHand,0.766667,2.735969019,0.04775166761
RightHand,0.8,3.080923075,0.05377225167
RightHand,0.833333,2.368992145,0.04134671289
RightHand,0.866667,0.1060671238,0.001851220538
RightHand,0.9,0,0
RightHand,0.933333,1.096841141,0.01914348928
RightHand,0.966667,1.749439042,0.03053347134
RightHand,1,2.140133831,0.03735238178
RightHand,1.03333,2.523527948,0.04404387146
RightHand,1.06667,1.838931729,0.03209541339
RightHand,1.1,2.502086392,0.04366964571
RightHand,1.13333,2.221265696,0.03876839996
RightHand,1.16667,2.299474996,0.04013340974
RightHand,1.2,3.400185397,0.05934443036
RightHand,1.23333,2.247854065,0.03923245455
RightHand,1.26667,0.8896301434,0.01552697513
RightHand,1.3,0.4099015013,0.007154130807
RightHand,1.33333,0.6147165804,0.01072882829
RightHand,1.36667,0,0
RightHand,1.4,1.888891088,0.0329673687
RightHand,1.43333,2.723941206,0.04754174268
RightHand,1.46667,2.28194811,0.03982750788
RightHand,1.5,2.38423051,0.04161267252
RightHand,1.53333,0.7881531837,0.01375586806
RightHand,1.56667,1.747328889,0.03049664223
RightHand,1.6,2.981568457,0.05203818644
RightHand,1.63333,3.620435034,0.0631885117
RightHand,1.66667,3.189337475,0.0556644399
RightHand,1.7,3.715219323,0.06484280962
RightHand,1.73333,3.437904177,0.06000274726
RightHand,1.76667,2.631661853,0.04593116413
RightHand,1.8,2.25728249,0.03939701159
RightHand,1.83333,0,0
RightHand,1.86667,3.756361578,0.06556087743
RightHand,1.9,8.392972911,0.1464850113
RightHand,1.93333,13.50609034,0.2357257455
RightHand,1.96667,16.02831944,0.2797469479
RightHand,2,20.58679827,0.3593074123
RightHand,2.03333,26.17216205,0.4567904002
RightHand,2.06667,33.84749945,0.5907503089
RightHand,2.1,33.60455286,0.5865100911
RightHand,2.13333,40.10831629,0.7000221767
RightHand,2.16667,42.93978381,0.7494406076
RightHand,2.2,43.060662,0.75155033
RightHand,2.23333,44.35922873,0.7742145949
RightHand,2.26667,44.59648013,0.778355413
RightHand,2.3,48.41317216,0.8449692555
RightHand,2.33333,46.28354302,0.8078002151
RightHand,2.36667,40.62081043,0.7089668868
RightHand,2.4,34.54750604,0.6029677288
RightHand,2.43333,34.0442054,0.5941834755
RightHand,2.46667,30.34941478,0.529697214
RightHand,2.5,25.59948396,0.4467952819
RightHand,2.53333,17.46295781,0.3047861109
RightHand,2.56667,12.68748733,0.2214384277
RightHand,2.6,15.72198547,0.2744004114
RightHand,2.63333,33.52575105,0.58513474
RightHand,2.66667,58.95396296,1.028940761
RightHand,2.7,87.68724567,1.530431149
RightHand,2.73333,105.179967,1.835736731
RightHand,2.76667,109.3468296,1.908462203
RightHand,2.8,114.9842203,2.006853233
RightHand,2.83333,110.8206728,1.93418562
RightHand,2.86667,109.0065254,1.902522774
RightHand,2.9,111.0645858,1.938442705
RightHand,2.93333,111.9969427,1.954715403
RightHand,2.96667,104.1555838,1.817857872
RightHand,3,91.92416704,1.604379377
RightHand,3.03333,73.70659145,1.286422701
RightHand,3.06667,54.8919448,0.9580451695
RightHand,3.1,36.4656435,0.6364455429
RightHand,3.13333,18.85800257,0.3291342352
RightHand,3.16667,24.93633204,0.4352210974
RightHand,3.2,48.33132338,0.8435407248
RightHand,3.23333,64.75132241,1.130123771
RightHand,3.26667,77.16633232,1.346806571
RightHand,3.3,83.02953964,1.449138843
RightHand,3.33333,90.33805185,1.576696445
RightHand,3.36667,113.197942,1.975676795
RightHand,3.4,113.7259335,1.984891984
RightHand,3.43333,118.3921995,2.066333689
RightHand,3.46667,123.18149,2.149922579
RightHand,3.5,122.5620936,2.139112072
RightHand,3.53333,115.188498,2.01041855
RightHand,3.56667,104.8770748,1.830450266
RightHand,3.6,93.61456766,1.633882433
RightHand,3.63333,90.2010205,1.574304796
RightHand,3.66667,85.71925019,1.496083148
RightHand,3.7,47.4245992,0.8277154024
RightHand,3.73333,15.94149311,0.2782315424
RightHand,3.76667,54.97484307,0.9594920173
RightHand,3.8,98.96951785,1.727343946
RightHand,3.83333,123.2800996,2.151643641
RightHand,3.86667,138.1882922,2.411840687
RightHand,3.9,151.7077375,2.64779952
RightHand,3.93333,164.9018345,2.878079955
RightHand,3.96667,169.4020453,2.956623451
RightHand,4,169.2244861,2.953524457
RightHand,4.03333,164.1228075,2.864483368
RightHand,4.06667,152.9345013,2.669210588
RightHand,4.1,136.4683706,2.381822391
RightHand,4.13333,112.460823,1.96281164
RightHand,4.16667,81.29387613,1.4188458
RightHand,4.2,51.93514848,0.9064393385
RightHand,4.23333,22.45747758,0.3919569255
RightHand,4.26667,24.19224264,0.4222342874
RightHand,4.3,58.84984406,1.027123543
RightHand,4.33333,82.83823683,1.445799979
RightHand,4.36667,93.59003591,1.633454274
RightHand,4.4,98.67685865,1.722236079
RightHand,4.43333,114.1532861,1.992350695
RightHand,4.46667,118.3823724,2.066162175
RightHand,4.5,121.79856,2.125785895
RightHand,4.53333,126.8204413,2.21343426
RightHand,4.56667,126.0873635,2.200639639
RightHand,4.6,124.3741705,2.17073878
RightHand,4.63333,127.9272541,2.232751787
RightHand,4.66667,134.0430143,2.339491939
RightHand,4.7,132.0862307,2.305339623
RightHand,4.73333,114.9473112,2.006209046
RightHand,4.76667,69.40330629,1.211316207
RightHand,4.8,34.88833182,0.6089162607
RightHand,4.83333,64.70006258,1.129229118
RightHand,4.86667,99.56728165,1.737776892
RightHand,4.9,116.9846885,2.041767989
RightHand,4.93333,123.6060405,2.157332383
RightHand,4.96667,140.0466603,2.444275329
RightHand,5,159.3036174,2.780372633
RightHand,5.03333,192.8886716,3.36654241
RightHand,5.06667,176.6022822,3.082291291
RightHand,5.1,160.0862837,2.794032739
RightHand,5.13333,141.7877236,2.474662615
RightHand,5.16667,122.9412037,2.14572879
RightHand,5.2,105.9936745,1.849938607
RightHand,5.23333,87.09615411,1.520114655
RightHand,5.26667,70.12431935,1.223900258
RightHand,5.3,47.92029806,0.8363669797
RightHand,5.33333,31.14656557,0.5436101199
RightHand,5.36667,20.2613477,0.3536272282
RightHand,5.4,59.84063012,1.044416022
RightLeg1,0.0333333,2643.386701,46.13580134
RightLeg1,0.0666667,903.384298,15.76703041
RightLeg1,0.1,314.3320713,5.486129588
RightLeg1,0.133333,107.1573563,1.870248686
RightLeg1,0.166667,41.93324371,0.7318731688
RightLeg1,0.2,20.0889304,0.3506179787
RightLeg1,0.233333,37.91595385,0.6617582337
RightLeg1,0.266667,40.79466947,0.7120012995
RightLeg1,0.3,2.701915837,0.04715732747
RightLeg1,0.333333,16.66485051,0.2908565108
RightLeg1,0.366667,9.714642544,0.1695524981
RightLeg1,0.4,3.840604753,0.0670311982
RightLeg1,0.433333,10.9459103,0.1910421743
RightLeg1,0.466667,3.039183854,0.05304376482
RightLeg1,0.5,6.310864115,0.1101453574
RightLeg1,0.533333,5.389411122,0.09406296882
RightLeg1,0.566667,2.723834651,0.04753988295
RightLeg1,0.6,0.6933417433,0.01210109626
RightLeg1,0.633333,0.7653021336,0.013357042
RightLeg1,0.666667,2.216820748,0.03869082097
RightLeg1,0.7,2.100498479,0.03666061439
RightLeg1,0.733333,2.345617053,0.04093874057
RightLeg1,0.766667,1.675155732,0.029236983
RightLeg1,0.8,1.553557659,0.02711469628
RightLeg1,0.833333,1.685490385,0.02941735673
RightLeg1,0.866667,0,0
RightLeg1,0.9,0,0
RightLeg1,0.933333,1.679836393,0.02931867596
RightLeg1,0.966667,2.111469853,0.03685210099
RightLeg1,1,1.622853982,0.02832414526
RightLeg1,1.03333,0.6184263972,0.01079357681
RightLeg1,1.06667,1.292984348,0.02256683405
RightLeg1,1.1,1.435227855,0.02504945159
RightLeg1,1.13333,0,0
RightLeg1,1.16667,0,0
RightLeg1,1.2,1.79564801,0.03133996998
RightLeg1,1.23333,2.46728478,0.04306224299
RightLeg1,1.26667,2.998496855,0.05233364273
RightLeg1,1.3,2.371426125,0.04138919385
RightLeg1,1.33333,2.062745596,0.03600170228
RightLeg1,1.36667,2.443473245,0.04264665332
RightLeg1,1.4,3.476795934,0.06068153647
RightLeg1,1.43333,3.901089214,0.0680868512
RightLeg1,1.46667,2.097533013,0.03660885725
RightLeg1,1.5,5.08590128,0.08876572277
RightLeg1,1.53333,5.634589569,0.09834213998
RightLeg1,1.56667,5.97193988,0.1042300136
RightLeg1,1.6,4.404828595,0.07687876197
RightLeg1,1.63333,6.237549485,0.1088657758
RightLeg1,1.66667,11.34924553,0.1980817022
RightLeg1,1.7,9.998651243,0.174509385
RightLeg1,1.73333,6.013504094,0.104955446
RightLeg1,1.76667,10.03489578,0.1751419715
RightLeg1,1.8,10.37194084,0.1810245175
RightLeg1,1.83333,10.62665255,0.1854700755
RightLeg1,1.86667,18.76647944,0.3275368553
RightLeg1,1.9,29.11074067,0.5080782723
RightLeg1,1.93333,55.89716068,0.9755894965
RightLeg1,1.96667,96.02525796,1.675956916
RightLeg1,2,164.2728823,2.867102669
RightLeg1,2.03333,233.9888699,4.083876192
RightLeg1,2.06667,220.7463479,3.852750582
RightLeg1,2.1,158.2813586,2.762530852
RightLeg1,2.13333,106.2735126,1.854822703
RightLeg1,2.16667,127.6361074,2.227670319
RightLeg1,2.2,158.3953125,2.764519724
RightLeg1,2.23333,167.8293642,2.929174986
RightLeg1,2.26667,165.5487374,2.889370541
RightLeg1,2.3,162.4456493,2.835211435
RightLeg1,2.33333,152.5697079,2.662843741
RightLeg1,2.36667,130.7349626,2.281755545
RightLeg1,2.4,103.222339,1.801569677
RightLeg1,2.43333,54.34075176,0.9484250362
RightLeg1,2.46667,30.97471469,0.5406107562
RightLeg1,2.5,67.21961529,1.173203609
RightLeg1,2.53333,149.6669921,2.612181794
RightLeg1,2.56667,124.7131783,2.176655581
RightLeg1,2.6,128.2009828,2.237529254
RightLeg1,2.63333,105.3698551,1.839050903
RightLeg1,2.66667,121.0436432,2.112610112
RightLeg1,2.7,147.7837303,2.579312674
RightLeg1,2.73333,152.6959263,2.665046669
RightLeg1,2.76667,160.0898704,2.794095337
RightLeg1,2.8,150.639689,2.629158558
RightLeg1,2.83333,144.7894339,2.527052343
RightLeg1,2.86667,146.1370597,2.550572852
RightLeg1,2.9,144.3053918,2.518604215
RightLeg1,2.93333,136.1087136,2.375545192
RightLeg1,2.96667,114.8010253,2.003655877
RightLeg1,3,86.87754736,1.516299247
RightLeg1,3.03333,89.23697822,1.557479084
RightLeg1,3.06667,102.2323373,1.784290888
RightLeg1,3.1,106.7070725,1.86238975
RightLeg1,3.13333,129.3908274,2.25829596
RightLeg1,3.16667,151.7094075,2.647828667
RightLeg1,3.2,325.3418437,5.678286366
RightLeg1,3.23333,413.8183572,7.222492838
RightLeg1,3.26667,334.8732417,5.844640644
RightLeg1,3.3,271.1694802,4.73280026
RightLeg1,3.33333,221.0180533,3.857492736
RightLeg1,3.36667,230.2061233,4.017854809
RightLeg1,3.4,249.9271842,4.362052255
RightLeg1,3.43333,272.6931065,4.759392556
RightLeg1,3.46667,339.2556049,5.921127311
RightLeg1,3.5,405.966553,7.085453003
RightLeg1,3.53333,355.3427191,6.201900421
RightLeg1,3.56667,265.0315959,4.625673971
RightLeg1,3.6,175.8009608,3.068305594
RightLeg1,3.63333,53.56211075,0.9348351868
RightLeg1,3.66667,150.9134885,2.63393726
RightLeg1,3.7,223.8536963,3.906984043
RightLeg1,3.73333,236.6601718,4.130499206
RightLeg1,3.76667,137.1981516,2.394559474
RightLeg1,3.8,130.4178076,2.276220145
RightLeg1,3.83333,161.0740206,2.811271998
RightLeg1,3.86667,157.7077793,2.752520004
RightLeg1,3.9,158.9797574,2.774720211
RightLeg1,3.93333,150.3128946,2.623454919
RightLeg1,3.96667,144.8524398,2.528152004
RightLeg1,4,130.3773709,2.275514393
RightLeg1,4.03333,119.2466302,2.08124632
RightLeg1,4.06667,124.2287395,2.16820053
RightLeg1,4.1,102.0887673,1.781785118
RightLeg1,4.13333,112.8565251,1.969717946
RightLeg1,4.16667,134.571937,2.348723381
RightLeg1,4.2,131.0666732,2.287544987
RightLeg1,4.23333,177.0452965,3.090023348
RightLeg1,4.26667,257.3796954,4.492123112
RightLeg1,4.3,467.176253,8.153763803
RightLeg1,4.33333,383.1075756,6.686488584
RightLeg1,4.36667,293.1073057,5.115687546
RightLeg1,4.4,223.8173691,3.906350015
RightLeg1,4.43333,224.2326639,3.913598276
RightLeg1,4.46667,261.0688905,4.556511714
RightLeg1,4.5,283.2521942,4.943683403
RightLeg1,4.53333,350.4258457,6.116084791
RightLeg1,4.56667,429.230799,7.491490693
RightLeg1,4.6,400.5940221,6.99168465
RightLeg1,4.63333,275.3240315,4.80531086
RightLeg1,4.66667,167.2610452,2.919255949
RightLeg1,4.7,79.71171254,1.391231836
RightLeg1,4.73333,136.8087607,2.387763319
RightLeg1,4.76667,207.8103435,3.626974714
RightLeg1,4.8,301.1659828,5.256337995
RightLeg1,4.83333,114.0989513,1.991402374
RightLeg1,4.86667,121.2209168,2.115704121
RightLeg1,4.9,141.9049676,2.476708909
RightLeg1,4.93333,135.0446174,2.35697321
RightLeg1,4.96667,129.1535378,2.254154475
RightLeg1,5,129.7549986,2.264651947
RightLeg1,5.03333,119.5939094,2.087307484
RightLeg1,5.06667,113.8321314,1.986745488
RightLeg1,5.1,103.8923465,1.813263514
RightLeg1,5.13333,97.41730962,1.700252801
RightLeg1,5.16667,90.81947619,1.585098884
RightLeg1,5.2,100.6214014,1.756174752
RightLeg1,5.23333,117.9515761,2.05864336
RightLeg1,5.26667,117.462064,2.050099763
RightLeg1,5.3,158.0335255,2.758205348
RightLeg1,5.33333,170.2034105,2.970609912
RightLeg1,5.36667,318.3764369,5.556717084
RightLeg1,5.4,459.8194951,8.025364155
RightLeg2,0.0333333,168.9868743,2.949377349
RightLeg2,0.0666667,171.3343609,2.990348719
RightLeg2,0.1,121.4294333,2.119343419
RightLeg2,0.133333,76.72010245,1.33901839
RightLeg2,0.166667,44.29104357,0.7730245395
RightLeg2,0.2,23.90117344,0.4171541715
RightLeg2,0.233333,11.66611033,0.2036120361
RightLeg2,0.266667,6.705190973,0.1170276594
RightLeg2,0.3,6.139877131,0.1071610716
RightLeg2,0.333333,3.487628975,0.06087060871
RightLeg2,0.366667,1.058804829,0.01847963041
RightLeg2,0.4,0.1271979025,0.0022200222
RightLeg2,0.433333,0.3867503792,0.006750067501
RightLeg2,0.466667,0.6651906963,0.0116097678
RightLeg2,0.5,0.6445839654,0.0112501125
RightLeg2,0.533333,2.451137959,0.0427804278
RightLeg2,0.566667,1.464450835,0.02555948881
RightLeg2,0.6,0.8577263966,0.0149701497
RightLeg2,0.633333,0.05156671723,0.0009000090001
RightLeg2,0.666667,0.2990779875,0.005219895602
RightLeg2,0.7,0.001718890574,3.00003e-05
RightLeg2,0.733333,0.1667323857,0.0029100291
RightLeg2,0.766667,0.2354809442,0.004109917802
RightLeg2,0.8,0.4417548776,0.007710077101
RightLeg2,0.833333,0,0
RightLeg2,0.866667,0.3609561918,0.006299874003
RightLeg2,0.9,0.577547233,0.0100801008
RightLeg2,0.933333,0.02578335861,0.0004500045
RightLeg2,0.966667,0.4967444735,0.008669826603
RightLeg2,1,0.6738051051,0.0117601176
RightLeg2,1.03333,0.7288752029,0.01272127213
RightLeg2,1.06667,0.5722703833,0.0099880024
RightLeg2,1.1,0.3197424239,0.005580558056
RightLeg2,1.13333,0.4641422283,0.008100810081
RightLeg2,1.16667,0.1099858995,0.001919616077
RightLeg2,1.2,0.5483754475,0.009570957096
RightLeg2,1.23333,0.2028473442,0.003540354035
RightLeg2,1.26667,0.5516480271,0.009628074385
RightLeg2,1.3,0.2097235254,0.003660366037
RightLeg2,1.33333,0.2080044801,0.003630363036
RightLeg2,1.36667,0.262935041,0.004589082184
RightLeg2,1.4,0.2028473442,0.003540354035
RightLeg2,1.43333,0.1151760344,0.00201020102
RightLeg2,1.46667,0.6100780362,0.01064787043
RightLeg2,1.5,0.2509806123,0.004380438044
RightLeg2,1.53333,1.033146219,0.01803180318
RightLeg2,1.56667,0.8369239539,0.01460707858
RightLeg2,1.6,0.3300566957,0.005760576058
RightLeg2,1.63333,0.8457702826,0.01476147615
RightLeg2,1.66667,0.4640030135,0.008098380324
RightLeg2,1.7,0.4194470507,0.007320732073
RightLeg2,1.73333,0.4022565978,0.00702070207
RightLeg2,1.76667,0.5516480271,0.009628074385
RightLeg2,1.8,0.4177280055,0.007290729073
RightLeg2,1.83333,1.493850357,0.02607260726
RightLeg2,1.86667,7.080342279,0.1235752849
RightLeg2,1.9,20.86233364,0.3641164116
RightLeg2,1.93333,43.22711286,0.7544554455
RightLeg2,1.96667,78.14154452,1.363827235
RightLeg2,2,127.6339556,2.227632763
RightLeg2,2.03333,183.1986565,3.197419742
RightLeg2,2.06667,198.2564579,3.460227954
RightLeg2,2.1,118.6175631,2.070267027
RightLeg2,2.13333,20.45148181,0.3569456946
RightLeg2,2.16667,40.81507989,0.7123575285
RightLeg2,2.2,68.74462114,1.199819982
RightLeg2,2.23333,67.60489412,1.179927993
RightLeg2,2.26667,44.66802343,0.7796040792
RightLeg2,2.3,33.32885008,0.5816981698
RightLeg2,2.33333,18.67398898,0.3259225923
RightLeg2,2.36667,5.959860928,0.1040191962
RightLeg2,2.4,15.39748866,0.2687368737
RightLeg2,2.43333,7.852598884,0.1370537054
RightLeg2,2.46667,3.4336223,0.0599280144
RightLeg2,2.5,5.296378538,0.09243924392
RightLeg2,2.53333,22.4094744,0.3911191119
RightLeg2,2.56667,28.75615713,0.5018896221
RightLeg2,2.6,10.65464271,0.1859585959
RightLeg2,2.63333,22.45588862,0.3919291929
RightLeg2,2.66667,32.57301154,0.5685062987
RightLeg2,2.7,45.97758532,0.802460246
RightLeg2,2.73333,60.70292728,1.059465947
RightLeg2,2.76667,65.19242339,1.137822436
RightLeg2,2.8,63.83846589,1.114191419
RightLeg2,2.83333,60.14423756,1.049714971
RightLeg2,2.86667,50.50071316,0.8814037193
RightLeg2,2.9,31.6441857,0.5522952295
RightLeg2,2.93333,18.18578012,0.3174017402
RightLeg2,2.96667,2.667158063,0.04655068986
RightLeg2,3,8.553969363,0.1492949295
RightLeg2,3.03333,21.95908453,0.3832583258
RightLeg2,3.06667,35.02019781,0.6112177564
RightLeg2,3.1,28.61007076,0.499339934
RightLeg2,3.13333,5.134788281,0.0896189619
RightLeg2,3.16667,63.83134788,1.114067187
RightLeg2,3.2,192.1806682,3.354185419
RightLeg2,3.23333,278.7070938,4.864356436
RightLeg2,3.26667,291.5245007,5.088062388
RightLeg2,3.3,195.4021591,3.410411041
RightLeg2,3.33333,94.12976294,1.642874287
RightLeg2,3.36667,3.299576985,0.0575884823
RightLeg2,3.4,87.41173395,1.525622562
RightLeg2,3.43333,150.6536911,2.62940294
RightLeg2,3.46667,201.6917988,3.520185963
RightLeg2,3.5,203.1739628,3.546054605
RightLeg2,3.53333,117.6119216,2.052715272
RightLeg2,3.56667,7.563249119,0.1320035993
RightLeg2,3.6,33.38042144,0.5825982598
RightLeg2,3.63333,1.896106955,0.03309330933
RightLeg2,3.66667,26.81937418,0.4680863827
RightLeg2,3.7,12.36853086,0.2158715872
RightLeg2,3.73333,75.91647809,1.324992499
RightLeg2,3.76667,8.850427849,0.1544691062
RightLeg2,3.8,38.27970052,0.6681068107
RightLeg2,3.83333,54.03990773,0.9431743174
RightLeg2,3.86667,81.31223178,1.419166167
RightLeg2,3.9,75.98352086,1.326162616
RightLeg2,3.93333,69.09874447,1.2060006
RightLeg2,3.96667,43.1900879,0.7538092382
RightLeg2,4,24.92959479,0.4351035104
RightLeg2,4.03333,18.940441,0.3305730573
RightLeg2,4.06667,7.417174097,0.1294541092
RightLeg2,4.1,2.655924973,0.04635463546
RightLeg2,4.13333,13.3036915,0.2321932193
RightLeg2,4.16667,23.17780979,0.4045290942
RightLeg2,4.2,1.242869745,0.02169216922
RightLeg2,4.23333,51.61433483,0.900840084
RightLeg2,4.26667,163.4270169,2.852339532
RightLeg2,4.3,293.6043403,5.124362436
RightLeg2,4.33333,307.5561119,5.367866787
RightLeg2,4.36667,219.1950236,3.825674865
RightLeg2,4.4,98.0491862,1.711281128
RightLeg2,4.43333,7.08418564,0.1236423642
RightLeg2,4.46667,90.8672568,1.585932813
RightLeg2,4.5,162.0767471,2.828772877
RightLeg2,4.53333,225.3341756,3.932823282
RightLeg2,4.56667,235.7857091,4.115236953
RightLeg2,4.6,128.9266777,2.25019502
RightLeg2,4.63333,30.32052082,0.5291929193
RightLeg2,4.66667,31.9973041,0.5584583083
RightLeg2,4.7,8.474893279,0.1479147915
RightLeg2,4.73333,50.99204043,0.8899789979
RightLeg2,4.76667,0.6530412782,0.01139772046
RightLeg2,4.8,87.57504325,1.528472847
RightLeg2,4.83333,10.86264719,0.1895889589
RightLeg2,4.86667,8.592648397,0.149970006
RightLeg2,4.9,46.65488917,0.8142814281
RightLeg2,4.93333,66.98088068,1.169036904
RightLeg2,4.96667,74.45529836,1.299490102
RightLeg2,5,57.01213704,0.995049505
RightLeg2,5.03333,43.47465538,0.7587758776
RightLeg2,5.06667,30.38016767,0.5302339532
RightLeg2,5.1,21.26287119,0.3711071107
RightLeg2,5.13333,7.536294551,0.1315331533
RightLeg2,5.16667,0.3127724017,0.005458908218
RightLeg2,5.2,6.295143852,0.1098709871
RightLeg2,5.23333,16.21403517,0.2829882988
RightLeg2,5.26667,3.079605186,0.05374925015
RightLeg2,5.3,27.47550087,0.4795379538
RightLeg2,5.33333,92.84563611,1.620462046
RightLeg2,5.36667,195.9605023,3.420155969
RightLeg2,5.4,302.4883664,5.279417942
UpperBody,0.0333333,465.1030649,8.117579843
UpperBody,0.0666667,213.4218571,3.724914102
UpperBody,0.1,100.8334178,1.759875136
UpperBody,0.133333,45.72848904,0.7981126957
UpperBody,0.166667,19.90862228,0.3474710083
UpperBody,0.2,10.6313429,0.1855519375
UpperBody,0.233333,3.046802625,0.05317673746
UpperBody,0.266667,4.999424354,0.08725641568
UpperBody,0.3,5.318671178,0.09282832388
UpperBody,0.333333,4.351262909,0.07594386439
UpperBody,0.366667,1.746032125,0.03047400942
UpperBody,0.4,4.492708959,0.07841256366
UpperBody,0.433333,5.590218581,0.09756772014
UpperBody,0.466667,6.197469895,0.108166255
UpperBody,0.5,6.177117977,0.107811047
UpperBody,0.533333,3.433419355,0.05992447235
UpperBody,0.566667,2.49311282,0.04351302733
UpperBody,0.6,2.056776738,0.03589752606
UpperBody,0.633333,3.230853735,0.05638903532
UpperBody,0.666667,2.544825587,0.04441558538
UpperBody,0.7,0,0
UpperBody,0.733333,1.854211629,0.03236209795
UpperBody,0.766667,3.692676213,0.06444935812
UpperBody,0.8,4.323843184,0.0754652999
UpperBody,0.833333,3.296027229,0.05752652738
UpperBody,0.866667,2.642507234,0.04612045173
UpperBody,0.9,2.140149562,0.03735265634
UpperBody,0.933333,0.1377523228,0.002404231585
UpperBody,0.966667,1.59343766,0.02781073359
UpperBody,1,1.471031398,0.02567434129
UpperBody,1.03333,1.478102517,0.02579775561
UpperBody,1.06667,0,0
UpperBody,1.1,0,0
UpperBody,1.13333,0.9343742744,0.01630790753
UpperBody,1.16667,2.331897598,0.04069929091
UpperBody,1.2,2.462139744,0.04297244517
UpperBody,1.23333,2.512109449,0.04384458106
UpperBody,1.26667,3.631910199,0.0633887911
UpperBody,1.3,2.86850318,0.0500648251
UpperBody,1.33333,2.697646137,0.04708280714
UpperBody,1.36667,1.05660496,0.01844123544
UpperBody,1.4,1.844653109,0.03219527032
UpperBody,1.43333,2.143903293,0.03741817132
UpperBody,1.46667,1.906016058,0.0332662558
UpperBody,1.5,1.974563108,0.03446262752
UpperBody,1.53333,2.446127963,0.04269298688
UpperBody,1.56667,4.824588224,0.08420494956
UpperBody,1.6,4.238717365,0.07397957409
UpperBody,1.63333,4.731692801,0.08258361857
UpperBody,1.66667,4.619056798,0.08061774946
UpperBody,1.7,4.729390348,0.08254343318
UpperBody,1.73333,5.234416839,0.09135780827
UpperBody,1.76667,4.777690105,0.08338642297
UpperBody,1.8,5.281527535,0.09218004502
UpperBody,1.83333,12.87140153,0.224648336
UpperBody,1.86667,15.07959621,0.2631886037
UpperBody,1.9,22.42281168,0.3913518913
UpperBody,1.93333,26.90328831,0.4695509605
UpperBody,1.96667,39.58324262,0.6908579124
UpperBody,2,53.90270518,0.9407796811
UpperBody,2.03333,60.73603464,1.060043779
UpperBody,2.06667,53.14838408,0.9276142944
UpperBody,2.1,32.45558788,0.5664568691
UpperBody,2.13333,29.33114641,0.5119250782
UpperBody,2.16667,33.78748935,0.5897029352
UpperBody,2.2,37.82518604,0.6601740365
UpperBody,2.23333,31.60777927,0.5516598174
UpperBody,2.26667,26.96787779,0.4706782596
UpperBody,2.3,24.76096354,0.4321603398
UpperBody,2.33333,20.10768106,0.3509452394
UpperBody,2.36667,18.58620843,0.3243905326
UpperBody,2.4,20.21687773,0.3528510808
UpperBody,2.43333,27.73532266,0.4840726995
UpperBody,2.46667,40.9447039,0.7146198942
UpperBody,2.5,56.39758493,0.9843235472
UpperBody,2.53333,96.75207252,1.688642224
UpperBody,2.56667,71.20148225,1.242700298
UpperBody,2.6,37.44564353,0.6535497701
UpperBody,2.63333,57.43816481,1.002485092
UpperBody,2.66667,91.55190948,1.597882257
UpperBody,2.7,123.5817075,2.156907691
UpperBody,2.73333,138.0901632,2.410128013
UpperBody,2.76667,142.992077,2.495682548
UpperBody,2.8,129.4064108,2.258567942
UpperBody,2.83333,124.3806608,2.170852057
UpperBody,2.86667,107.5244211,1.876655175
UpperBody,2.9,86.96287922,1.517788569
UpperBody,2.93333,59.05764385,1.030750334
UpperBody,2.96667,36.87612882,0.6436098632
UpperBody,3,31.80131585,0.555037668
UpperBody,3.03333,46.98882279,0.8201096694
UpperBody,3.06667,67.08393761,1.170835587
UpperBody,3.1,80.25299612,1.400679017
UpperBody,3.13333,112.2442379,1.959031518
UpperBody,3.16667,143.5724605,2.50581215
UpperBody,3.2,87.93539428,1.534762159
UpperBody,3.23333,42.05208155,0.7339472803
UpperBody,3.26667,125.0104746,2.181844382
UpperBody,3.3,161.1515633,2.812625374
UpperBody,3.33333,163.8361318,2.859479933
UpperBody,3.36667,164.8591602,2.877335148
UpperBody,3.4,155.5686245,2.71518471
UpperBody,3.43333,135.2343313,2.360284343
UpperBody,3.46667,111.8948686,1.952933874
UpperBody,3.5,75.55844125,1.318743577
UpperBody,3.53333,43.31270904,0.7559493807
UpperBody,3.56667,32.7252111,0.571162682
UpperBody,3.6,57.3172976,1.000375561
UpperBody,3.63333,85.53320573,1.49283606
UpperBody,3.66667,99.27387945,1.732656058
UpperBody,3.7,149.2906548,2.605613469
UpperBody,3.73333,103.8844412,1.813125541
UpperBody,3.76667,46.5060488,0.8116836737
UpperBody,3.8,104.5641301,1.824988349
UpperBody,3.83333,160.4633821,2.800614347
UpperBody,3.86667,156.9785413,2.739792401
UpperBody,3.9,151.890901,2.650996327
UpperBody,3.93333,149.9754914,2.617566122
UpperBody,3.96667,138.0157077,2.408828518
UpperBody,4,124.9254648,2.180360681
UpperBody,4.03333,108.8397817,1.899612548
UpperBody,4.06667,72.74460269,1.26963283
UpperBody,4.1,49.62334911,0.8660908278
UpperBody,4.13333,59.37788096,1.036339526
UpperBody,4.16667,71.88024724,1.254546981
UpperBody,4.2,76.53639127,1.335812025
UpperBody,4.23333,155.7146403,2.717733167
UpperBody,4.26667,154.3609815,2.694107363
UpperBody,4.3,71.78009996,1.252799082
UpperBody,4.33333,93.39010815,1.629964876
UpperBody,4.36667,157.3863012,2.746909153
UpperBody,4.4,161.966937,2.82685633
UpperBody,4.43333,156.6218685,2.733567286
UpperBody,4.46667,150.6045502,2.62854527
UpperBody,4.5,136.7922854,2.387475771
UpperBody,4.53333,115.3308992,2.01290392
UpperBody,4.56667,88.12174657,1.53801462
UpperBody,4.6,47.42975989,0.8278054735
UpperBody,4.63333,27.55206181,0.4808741942
UpperBody,4.66667,36.12207035,0.6304490603
UpperBody,4.7,68.48131554,1.195224432
UpperBody,4.73333,87.48414371,1.526886351
UpperBody,4.76667,147.8850969,2.581081855
UpperBody,4.8,130.306885,2.274284181
UpperBody,4.83333,37.85215074,0.6606446594
UpperBody,4.86667,85.42537444,1.490954049
UpperBody,4.9,157.9270757,2.756347448
UpperBody,4.93333,148.6959556,2.59523401
UpperBody,4.96667,136.0408587,2.374360901
UpperBody,5,135.1749883,2.359248612
UpperBody,5.03333,125.918301,2.197688942
UpperBody,5.06667,113.414671,1.97945943
UpperBody,5.1,91.31978597,1.593830937
UpperBody,5.13333,59.40185958,1.036758032
UpperBody,5.16667,38.8307077,0.6777237002
UpperBody,5.2,44.79494978,0.7818193618
UpperBody,5.23333,46.64844998,0.8141690431
UpperBody,5.26667,59.6746479,1.041519086
UpperBody,5.3,102.3294829,1.785986399
UpperBody,5.33333,150.0548919,2.618951922
UpperBody,5.36667,103.1515353,1.80033392
UpperBody,5.4,15.65558766,0.273241551
